F_RING,YEAR,EXP.INC,GROUP,CS,CS_sc,brood_id,egg_index,HATCHED
DC54223,2022,Heated,EXPCON,7,0.6811298321813386,DC54223_2022_BK23A_49,1,1
DC54223,2022,Heated,EXPCON,7,0.6811298321813386,DC54223_2022_BK23A_49,2,1
DC54223,2022,Heated,EXPCON,7,0.6811298321813386,DC54223_2022_BK23A_49,3,1
DC54223,2022,Heated,EXPCON,7,0.6811298321813386,DC54223_2022_BK23A_49,4,1
DC54223,2022,Heated,EXPCON,7,0.6811298321813386,DC54223_2022_BK23A_49,5,1
DC54223,2022,Heated,EXPCON,7,0.6811298321813386,DC54223_2022_BK23A_49,6,0
DC54223,2022,Heated,EXPCON,7,0.6811298321813386,DC54223_2022_BK23A_49,7,0
DC54224,2022,Heated,EXPCON,6,-0.9141479326644292,DC54224_2022_BK4A_52,1,1
DC54224,2022,Heated,EXPCON,6,-0.9141479326644292,DC54224_2022_BK4A_52,2,1
DC54224,2022,Heated,EXPCON,6,-0.9141479326644292,DC54224_2022_BK4A_52,3,1
DC54224,2022,Heated,EXPCON,6,-0.9141479326644292,DC54224_2022_BK4A_52,4,1
DC54224,2022,Heated,EXPCON,6,-0.9141479326644292,DC54224_2022_BK4A_52,5,1
DC54224,2022,Heated,EXPCON,6,-0.9141479326644292,DC54224_2022_BK4A_52,6,1
DC54221,2022,Control,CONCON,7,0.6811298321813386,DC54221_2022_BK6A_48,1,1
DC54221,2022,Control,CONCON,7,0.6811298321813386,DC54221_2022_BK6A_48,2,1
DC54221,2022,Control,CONCON,7,0.6811298321813386,DC54221_2022_BK6A_48,3,1
DC54221,2022,Control,CONCON,7,0.6811298321813386,DC54221_2022_BK6A_48,4,1
DC54221,2022,Control,CONCON,7,0.6811298321813386,DC54221_2022_BK6A_48,5,1
DC54221,2022,Control,CONCON,7,0.6811298321813386,DC54221_2022_BK6A_48,6,1
DC54221,2022,Control,CONCON,7,0.6811298321813386,DC54221_2022_BK6A_48,7,0
DA78533,2022,Control,CONEXP,6,-0.9141479326644292,DA78533_2022_BK7A_49,1,1
DA78533,2022,Control,CONEXP,6,-0.9141479326644292,DA78533_2022_BK7A_49,2,1
DA78533,2022,Control,CONEXP,6,-0.9141479326644292,DA78533_2022_BK7A_49,3,1
DA78533,2022,Control,CONEXP,6,-0.9141479326644292,DA78533_2022_BK7A_49,4,1
DA78533,2022,Control,CONEXP,6,-0.9141479326644292,DA78533_2022_BK7A_49,5,1
DA78533,2022,Control,CONEXP,6,-0.9141479326644292,DA78533_2022_BK7A_49,6,0
DC54919,2022,Control,CONCON,6,-0.9141479326644292,DC54919_2022_FA11B_52,1,1
DC54919,2022,Control,CONCON,6,-0.9141479326644292,DC54919_2022_FA11B_52,2,1
DC54919,2022,Control,CONCON,6,-0.9141479326644292,DC54919_2022_FA11B_52,3,1
DC54919,2022,Control,CONCON,6,-0.9141479326644292,DC54919_2022_FA11B_52,4,0
DC54919,2022,Control,CONCON,6,-0.9141479326644292,DC54919_2022_FA11B_52,5,0
DC54919,2022,Control,CONCON,6,-0.9141479326644292,DC54919_2022_FA11B_52,6,0
FA16A_2022,2022,Control,CONEXP,6,-0.9141479326644292,FA16A_2022_2022_FA16A_49,1,1
FA16A_2022,2022,Control,CONEXP,6,-0.9141479326644292,FA16A_2022_2022_FA16A_49,2,1
FA16A_2022,2022,Control,CONEXP,6,-0.9141479326644292,FA16A_2022_2022_FA16A_49,3,1
FA16A_2022,2022,Control,CONEXP,6,-0.9141479326644292,FA16A_2022_2022_FA16A_49,4,1
FA16A_2022,2022,Control,CONEXP,6,-0.9141479326644292,FA16A_2022_2022_FA16A_49,5,0
FA16A_2022,2022,Control,CONEXP,6,-0.9141479326644292,FA16A_2022_2022_FA16A_49,6,0
DC54920,2022,Heated,EXPCON,5,-2.509425697510197,DC54920_2022_FA45A_50,1,1
DC54920,2022,Heated,EXPCON,5,-2.509425697510197,DC54920_2022_FA45A_50,2,1
DC54920,2022,Heated,EXPCON,5,-2.509425697510197,DC54920_2022_FA45A_50,3,1
DC54920,2022,Heated,EXPCON,5,-2.509425697510197,DC54920_2022_FA45A_50,4,1
DC54920,2022,Heated,EXPCON,5,-2.509425697510197,DC54920_2022_FA45A_50,5,0
DC54913,2022,Heated,EXPCON,5,-2.509425697510197,DC54913_2022_FK17A_53,1,1
DC54913,2022,Heated,EXPCON,5,-2.509425697510197,DC54913_2022_FK17A_53,2,1
DC54913,2022,Heated,EXPCON,5,-2.509425697510197,DC54913_2022_FK17A_53,3,1
DC54913,2022,Heated,EXPCON,5,-2.509425697510197,DC54913_2022_FK17A_53,4,1
DC54913,2022,Heated,EXPCON,5,-2.509425697510197,DC54913_2022_FK17A_53,5,0
DC54214,2022,Heated,EXPEXP,6,-0.9141479326644292,DC54214_2022_FK19A_49,1,1
DC54214,2022,Heated,EXPEXP,6,-0.9141479326644292,DC54214_2022_FK19A_49,2,1
DC54214,2022,Heated,EXPEXP,6,-0.9141479326644292,DC54214_2022_FK19A_49,3,0
DC54214,2022,Heated,EXPEXP,6,-0.9141479326644292,DC54214_2022_FK19A_49,4,0
DC54214,2022,Heated,EXPEXP,6,-0.9141479326644292,DC54214_2022_FK19A_49,5,0
DC54214,2022,Heated,EXPEXP,6,-0.9141479326644292,DC54214_2022_FK19A_49,6,0
DC54211,2022,Control,CONCON,6,-0.9141479326644292,DC54211_2022_FK43A_54,1,1
DC54211,2022,Control,CONCON,6,-0.9141479326644292,DC54211_2022_FK43A_54,2,1
DC54211,2022,Control,CONCON,6,-0.9141479326644292,DC54211_2022_FK43A_54,3,0
DC54211,2022,Control,CONCON,6,-0.9141479326644292,DC54211_2022_FK43A_54,4,0
DC54211,2022,Control,CONCON,6,-0.9141479326644292,DC54211_2022_FK43A_54,5,0
DC54211,2022,Control,CONCON,6,-0.9141479326644292,DC54211_2022_FK43A_54,6,0
DC54203,2022,Control,CONCON,6,-0.9141479326644292,DC54203_2022_FO11B_46,1,1
DC54203,2022,Control,CONCON,6,-0.9141479326644292,DC54203_2022_FO11B_46,2,1
DC54203,2022,Control,CONCON,6,-0.9141479326644292,DC54203_2022_FO11B_46,3,1
DC54203,2022,Control,CONCON,6,-0.9141479326644292,DC54203_2022_FO11B_46,4,1
DC54203,2022,Control,CONCON,6,-0.9141479326644292,DC54203_2022_FO11B_46,5,1
DC54203,2022,Control,CONCON,6,-0.9141479326644292,DC54203_2022_FO11B_46,6,0
DC57100,2022,Control,CONCON,7,0.6811298321813386,DC57100_2022_FO11C_46,1,1
DC57100,2022,Control,CONCON,7,0.6811298321813386,DC57100_2022_FO11C_46,2,1
DC57100,2022,Control,CONCON,7,0.6811298321813386,DC57100_2022_FO11C_46,3,1
DC57100,2022,Control,CONCON,7,0.6811298321813386,DC57100_2022_FO11C_46,4,1
DC57100,2022,Control,CONCON,7,0.6811298321813386,DC57100_2022_FO11C_46,5,1
DC57100,2022,Control,CONCON,7,0.6811298321813386,DC57100_2022_FO11C_46,6,0
DC57100,2022,Control,CONCON,7,0.6811298321813386,DC57100_2022_FO11C_46,7,0
DC54206,2022,Control,CONEXP,6,-0.9141479326644292,DC54206_2022_FO11D_46,1,1
DC54206,2022,Control,CONEXP,6,-0.9141479326644292,DC54206_2022_FO11D_46,2,1
DC54206,2022,Control,CONEXP,6,-0.9141479326644292,DC54206_2022_FO11D_46,3,1
DC54206,2022,Control,CONEXP,6,-0.9141479326644292,DC54206_2022_FO11D_46,4,1
DC54206,2022,Control,CONEXP,6,-0.9141479326644292,DC54206_2022_FO11D_46,5,1
DC54206,2022,Control,CONEXP,6,-0.9141479326644292,DC54206_2022_FO11D_46,6,1
DC54914,2022,Heated,EXPEXP,6,-0.9141479326644292,DC54914_2022_FO12C_49,1,1
DC54914,2022,Heated,EXPEXP,6,-0.9141479326644292,DC54914_2022_FO12C_49,2,1
DC54914,2022,Heated,EXPEXP,6,-0.9141479326644292,DC54914_2022_FO12C_49,3,1
DC54914,2022,Heated,EXPEXP,6,-0.9141479326644292,DC54914_2022_FO12C_49,4,0
DC54914,2022,Heated,EXPEXP,6,-0.9141479326644292,DC54914_2022_FO12C_49,5,0
DC54914,2022,Heated,EXPEXP,6,-0.9141479326644292,DC54914_2022_FO12C_49,6,0
DC53101,2022,Heated,EXPEXP,6,-0.9141479326644292,DC53101_2022_FO15D_46,1,1
DC53101,2022,Heated,EXPEXP,6,-0.9141479326644292,DC53101_2022_FO15D_46,2,1
DC53101,2022,Heated,EXPEXP,6,-0.9141479326644292,DC53101_2022_FO15D_46,3,0
DC53101,2022,Heated,EXPEXP,6,-0.9141479326644292,DC53101_2022_FO15D_46,4,0
DC53101,2022,Heated,EXPEXP,6,-0.9141479326644292,DC53101_2022_FO15D_46,5,0
DC53101,2022,Heated,EXPEXP,6,-0.9141479326644292,DC53101_2022_FO15D_46,6,0
DC55275,2022,Control,CONEXP,6,-0.9141479326644292,DC55275_2022_FO16A_48,1,1
DC55275,2022,Control,CONEXP,6,-0.9141479326644292,DC55275_2022_FO16A_48,2,1
DC55275,2022,Control,CONEXP,6,-0.9141479326644292,DC55275_2022_FO16A_48,3,1
DC55275,2022,Control,CONEXP,6,-0.9141479326644292,DC55275_2022_FO16A_48,4,1
DC55275,2022,Control,CONEXP,6,-0.9141479326644292,DC55275_2022_FO16A_48,5,0
DC55275,2022,Control,CONEXP,6,-0.9141479326644292,DC55275_2022_FO16A_48,6,0
DC54220,2022,Heated,EXPEXP,7,0.6811298321813386,DC54220_2022_FO16B_48,1,1
DC54220,2022,Heated,EXPEXP,7,0.6811298321813386,DC54220_2022_FO16B_48,2,1
DC54220,2022,Heated,EXPEXP,7,0.6811298321813386,DC54220_2022_FO16B_48,3,1
DC54220,2022,Heated,EXPEXP,7,0.6811298321813386,DC54220_2022_FO16B_48,4,0
DC54220,2022,Heated,EXPEXP,7,0.6811298321813386,DC54220_2022_FO16B_48,5,0
DC54220,2022,Heated,EXPEXP,7,0.6811298321813386,DC54220_2022_FO16B_48,6,0
DC54220,2022,Heated,EXPEXP,7,0.6811298321813386,DC54220_2022_FO16B_48,7,0
DA79522,2022,Control,CONEXP,6,-0.9141479326644292,DA79522_2022_FO72_55,1,1
DA79522,2022,Control,CONEXP,6,-0.9141479326644292,DA79522_2022_FO72_55,2,1
DA79522,2022,Control,CONEXP,6,-0.9141479326644292,DA79522_2022_FO72_55,3,1
DA79522,2022,Control,CONEXP,6,-0.9141479326644292,DA79522_2022_FO72_55,4,1
DA79522,2022,Control,CONEXP,6,-0.9141479326644292,DA79522_2022_FO72_55,5,0
DA79522,2022,Control,CONEXP,6,-0.9141479326644292,DA79522_2022_FO72_55,6,0
FO75A_2022,2022,Control,CONEXP,6,-0.9141479326644292,FO75A_2022_2022_FO75A_45,1,1
FO75A_2022,2022,Control,CONEXP,6,-0.9141479326644292,FO75A_2022_2022_FO75A_45,2,1
FO75A_2022,2022,Control,CONEXP,6,-0.9141479326644292,FO75A_2022_2022_FO75A_45,3,1
FO75A_2022,2022,Control,CONEXP,6,-0.9141479326644292,FO75A_2022_2022_FO75A_45,4,1
FO75A_2022,2022,Control,CONEXP,6,-0.9141479326644292,FO75A_2022_2022_FO75A_45,5,1
FO75A_2022,2022,Control,CONEXP,6,-0.9141479326644292,FO75A_2022_2022_FO75A_45,6,0
DC54927,2022,Heated,EXPEXP,6,-0.9141479326644292,DC54927_2022_FO76_55,1,1
DC54927,2022,Heated,EXPEXP,6,-0.9141479326644292,DC54927_2022_FO76_55,2,1
DC54927,2022,Heated,EXPEXP,6,-0.9141479326644292,DC54927_2022_FO76_55,3,1
DC54927,2022,Heated,EXPEXP,6,-0.9141479326644292,DC54927_2022_FO76_55,4,1
DC54927,2022,Heated,EXPEXP,6,-0.9141479326644292,DC54927_2022_FO76_55,5,1
DC54927,2022,Heated,EXPEXP,6,-0.9141479326644292,DC54927_2022_FO76_55,6,1
DC53170,2022,Heated,EXPEXP,6,-0.9141479326644292,DC53170_2022_FO78A_45,1,1
DC53170,2022,Heated,EXPEXP,6,-0.9141479326644292,DC53170_2022_FO78A_45,2,1
DC53170,2022,Heated,EXPEXP,6,-0.9141479326644292,DC53170_2022_FO78A_45,3,1
DC53170,2022,Heated,EXPEXP,6,-0.9141479326644292,DC53170_2022_FO78A_45,4,1
DC53170,2022,Heated,EXPEXP,6,-0.9141479326644292,DC53170_2022_FO78A_45,5,1
DC53170,2022,Heated,EXPEXP,6,-0.9141479326644292,DC53170_2022_FO78A_45,6,1
DC54917,2022,Heated,EXPEXP,6,-0.9141479326644292,DC54917_2022_KT10A_49,1,1
DC54917,2022,Heated,EXPEXP,6,-0.9141479326644292,DC54917_2022_KT10A_49,2,1
DC54917,2022,Heated,EXPEXP,6,-0.9141479326644292,DC54917_2022_KT10A_49,3,1
DC54917,2022,Heated,EXPEXP,6,-0.9141479326644292,DC54917_2022_KT10A_49,4,1
DC54917,2022,Heated,EXPEXP,6,-0.9141479326644292,DC54917_2022_KT10A_49,5,1
DC54917,2022,Heated,EXPEXP,6,-0.9141479326644292,DC54917_2022_KT10A_49,6,1
DD81925,2022,Control,CONCON,6,-0.9141479326644292,DD81925_2022_KT5A_51,1,1
DD81925,2022,Control,CONCON,6,-0.9141479326644292,DD81925_2022_KT5A_51,2,1
DD81925,2022,Control,CONCON,6,-0.9141479326644292,DD81925_2022_KT5A_51,3,1
DD81925,2022,Control,CONCON,6,-0.9141479326644292,DD81925_2022_KT5A_51,4,1
DD81925,2022,Control,CONCON,6,-0.9141479326644292,DD81925_2022_KT5A_51,5,1
DD81925,2022,Control,CONCON,6,-0.9141479326644292,DD81925_2022_KT5A_51,6,0
DC54207,2022,Heated,EXPEXP,8,2.2764075970271063,DC54207_2022_OJ143A_48,1,1
DC54207,2022,Heated,EXPEXP,8,2.2764075970271063,DC54207_2022_OJ143A_48,2,1
DC54207,2022,Heated,EXPEXP,8,2.2764075970271063,DC54207_2022_OJ143A_48,3,1
DC54207,2022,Heated,EXPEXP,8,2.2764075970271063,DC54207_2022_OJ143A_48,4,1
DC54207,2022,Heated,EXPEXP,8,2.2764075970271063,DC54207_2022_OJ143A_48,5,1
DC54207,2022,Heated,EXPEXP,8,2.2764075970271063,DC54207_2022_OJ143A_48,6,1
DC54207,2022,Heated,EXPEXP,8,2.2764075970271063,DC54207_2022_OJ143A_48,7,1
DC54207,2022,Heated,EXPEXP,8,2.2764075970271063,DC54207_2022_OJ143A_48,8,0
DC54924,2022,Control,CONCON,7,0.6811298321813386,DC54924_2022_OJ154B_49,1,1
DC54924,2022,Control,CONCON,7,0.6811298321813386,DC54924_2022_OJ154B_49,2,1
DC54924,2022,Control,CONCON,7,0.6811298321813386,DC54924_2022_OJ154B_49,3,1
DC54924,2022,Control,CONCON,7,0.6811298321813386,DC54924_2022_OJ154B_49,4,1
DC54924,2022,Control,CONCON,7,0.6811298321813386,DC54924_2022_OJ154B_49,5,1
DC54924,2022,Control,CONCON,7,0.6811298321813386,DC54924_2022_OJ154B_49,6,1
DC54924,2022,Control,CONCON,7,0.6811298321813386,DC54924_2022_OJ154B_49,7,1
DD84402,2022,Control,CONEXP,6,-0.9141479326644292,DD84402_2022_OJ155B_49,1,1
DD84402,2022,Control,CONEXP,6,-0.9141479326644292,DD84402_2022_OJ155B_49,2,1
DD84402,2022,Control,CONEXP,6,-0.9141479326644292,DD84402_2022_OJ155B_49,3,1
DD84402,2022,Control,CONEXP,6,-0.9141479326644292,DD84402_2022_OJ155B_49,4,0
DD84402,2022,Control,CONEXP,6,-0.9141479326644292,DD84402_2022_OJ155B_49,5,0
DD84402,2022,Control,CONEXP,6,-0.9141479326644292,DD84402_2022_OJ155B_49,6,0
DD81922,2022,Control,CONEXP,6,-0.9141479326644292,DD81922_2022_OJ173A_53,1,1
DD81922,2022,Control,CONEXP,6,-0.9141479326644292,DD81922_2022_OJ173A_53,2,1
DD81922,2022,Control,CONEXP,6,-0.9141479326644292,DD81922_2022_OJ173A_53,3,1
DD81922,2022,Control,CONEXP,6,-0.9141479326644292,DD81922_2022_OJ173A_53,4,0
DD81922,2022,Control,CONEXP,6,-0.9141479326644292,DD81922_2022_OJ173A_53,5,0
DD81922,2022,Control,CONEXP,6,-0.9141479326644292,DD81922_2022_OJ173A_53,6,0
DD81951,2022,Control,CONEXP,7,0.6811298321813386,DD81951_2022_OJ182B_50,1,1
DD81951,2022,Control,CONEXP,7,0.6811298321813386,DD81951_2022_OJ182B_50,2,1
DD81951,2022,Control,CONEXP,7,0.6811298321813386,DD81951_2022_OJ182B_50,3,1
DD81951,2022,Control,CONEXP,7,0.6811298321813386,DD81951_2022_OJ182B_50,4,0
DD81951,2022,Control,CONEXP,7,0.6811298321813386,DD81951_2022_OJ182B_50,5,0
DD81951,2022,Control,CONEXP,7,0.6811298321813386,DD81951_2022_OJ182B_50,6,0
DD81951,2022,Control,CONEXP,7,0.6811298321813386,DD81951_2022_OJ182B_50,7,0
CV44014,2022,Control,CONEXP,6,-0.9141479326644292,CV44014_2022_OJ185A_52,1,1
CV44014,2022,Control,CONEXP,6,-0.9141479326644292,CV44014_2022_OJ185A_52,2,1
CV44014,2022,Control,CONEXP,6,-0.9141479326644292,CV44014_2022_OJ185A_52,3,1
CV44014,2022,Control,CONEXP,6,-0.9141479326644292,CV44014_2022_OJ185A_52,4,0
CV44014,2022,Control,CONEXP,6,-0.9141479326644292,CV44014_2022_OJ185A_52,5,0
CV44014,2022,Control,CONEXP,6,-0.9141479326644292,CV44014_2022_OJ185A_52,6,0
DC54923,2022,Control,CONEXP,6,-0.9141479326644292,DC54923_2022_OJ192C_51,1,1
DC54923,2022,Control,CONEXP,6,-0.9141479326644292,DC54923_2022_OJ192C_51,2,1
DC54923,2022,Control,CONEXP,6,-0.9141479326644292,DC54923_2022_OJ192C_51,3,1
DC54923,2022,Control,CONEXP,6,-0.9141479326644292,DC54923_2022_OJ192C_51,4,1
DC54923,2022,Control,CONEXP,6,-0.9141479326644292,DC54923_2022_OJ192C_51,5,1
DC54923,2022,Control,CONEXP,6,-0.9141479326644292,DC54923_2022_OJ192C_51,6,0
DC53145,2022,Heated,EXPEXP,6,-0.9141479326644292,DC53145_2022_OJ208B_51,1,1
DC53145,2022,Heated,EXPEXP,6,-0.9141479326644292,DC53145_2022_OJ208B_51,2,1
DC53145,2022,Heated,EXPEXP,6,-0.9141479326644292,DC53145_2022_OJ208B_51,3,1
DC53145,2022,Heated,EXPEXP,6,-0.9141479326644292,DC53145_2022_OJ208B_51,4,1
DC53145,2022,Heated,EXPEXP,6,-0.9141479326644292,DC53145_2022_OJ208B_51,5,1
DC53145,2022,Heated,EXPEXP,6,-0.9141479326644292,DC53145_2022_OJ208B_51,6,0
DC54778,2023,Control,CONCON,7,0.6811298321813386,DC54778_2023_FA11B_44,1,1
DC54778,2023,Control,CONCON,7,0.6811298321813386,DC54778_2023_FA11B_44,2,1
DC54778,2023,Control,CONCON,7,0.6811298321813386,DC54778_2023_FA11B_44,3,1
DC54778,2023,Control,CONCON,7,0.6811298321813386,DC54778_2023_FA11B_44,4,1
DC54778,2023,Control,CONCON,7,0.6811298321813386,DC54778_2023_FA11B_44,5,1
DC54778,2023,Control,CONCON,7,0.6811298321813386,DC54778_2023_FA11B_44,6,1
DC54778,2023,Control,CONCON,7,0.6811298321813386,DC54778_2023_FA11B_44,7,0
DD85019,2023,Control,CONCON,6,-0.9141479326644292,DD85019_2023_FA16A_49,1,1
DD85019,2023,Control,CONCON,6,-0.9141479326644292,DD85019_2023_FA16A_49,2,1
DD85019,2023,Control,CONCON,6,-0.9141479326644292,DD85019_2023_FA16A_49,3,1
DD85019,2023,Control,CONCON,6,-0.9141479326644292,DD85019_2023_FA16A_49,4,1
DD85019,2023,Control,CONCON,6,-0.9141479326644292,DD85019_2023_FA16A_49,5,0
DD85019,2023,Control,CONCON,6,-0.9141479326644292,DD85019_2023_FA16A_49,6,0
DC57156,2023,Control,CONCON,6,-0.9141479326644292,DC57156_2023_FA18A_50,1,1
DC57156,2023,Control,CONCON,6,-0.9141479326644292,DC57156_2023_FA18A_50,2,1
DC57156,2023,Control,CONCON,6,-0.9141479326644292,DC57156_2023_FA18A_50,3,1
DC57156,2023,Control,CONCON,6,-0.9141479326644292,DC57156_2023_FA18A_50,4,1
DC57156,2023,Control,CONCON,6,-0.9141479326644292,DC57156_2023_FA18A_50,5,1
DC57156,2023,Control,CONCON,6,-0.9141479326644292,DC57156_2023_FA18A_50,6,1
DD85025,2023,Heated,EXPEXP,6,-0.9141479326644292,DD85025_2023_FA20A_50,1,1
DD85025,2023,Heated,EXPEXP,6,-0.9141479326644292,DD85025_2023_FA20A_50,2,1
DD85025,2023,Heated,EXPEXP,6,-0.9141479326644292,DD85025_2023_FA20A_50,3,1
DD85025,2023,Heated,EXPEXP,6,-0.9141479326644292,DD85025_2023_FA20A_50,4,1
DD85025,2023,Heated,EXPEXP,6,-0.9141479326644292,DD85025_2023_FA20A_50,5,1
DD85025,2023,Heated,EXPEXP,6,-0.9141479326644292,DD85025_2023_FA20A_50,6,1
DC54928,2023,Heated,EXPCON,7,0.6811298321813386,DC54928_2023_FA26A_49,1,1
DC54928,2023,Heated,EXPCON,7,0.6811298321813386,DC54928_2023_FA26A_49,2,1
DC54928,2023,Heated,EXPCON,7,0.6811298321813386,DC54928_2023_FA26A_49,3,0
DC54928,2023,Heated,EXPCON,7,0.6811298321813386,DC54928_2023_FA26A_49,4,0
DC54928,2023,Heated,EXPCON,7,0.6811298321813386,DC54928_2023_FA26A_49,5,0
DC54928,2023,Heated,EXPCON,7,0.6811298321813386,DC54928_2023_FA26A_49,6,0
DC54928,2023,Heated,EXPCON,7,0.6811298321813386,DC54928_2023_FA26A_49,7,0
DA78250,2023,Control,CONEXP,6,-0.9141479326644292,DA78250_2023_FA27A_49,1,1
DA78250,2023,Control,CONEXP,6,-0.9141479326644292,DA78250_2023_FA27A_49,2,1
DA78250,2023,Control,CONEXP,6,-0.9141479326644292,DA78250_2023_FA27A_49,3,1
DA78250,2023,Control,CONEXP,6,-0.9141479326644292,DA78250_2023_FA27A_49,4,1
DA78250,2023,Control,CONEXP,6,-0.9141479326644292,DA78250_2023_FA27A_49,5,1
DA78250,2023,Control,CONEXP,6,-0.9141479326644292,DA78250_2023_FA27A_49,6,0
DD85028,2023,Heated,EXPEXP,6,-0.9141479326644292,DD85028_2023_FA32A_51,1,1
DD85028,2023,Heated,EXPEXP,6,-0.9141479326644292,DD85028_2023_FA32A_51,2,1
DD85028,2023,Heated,EXPEXP,6,-0.9141479326644292,DD85028_2023_FA32A_51,3,1
DD85028,2023,Heated,EXPEXP,6,-0.9141479326644292,DD85028_2023_FA32A_51,4,1
DD85028,2023,Heated,EXPEXP,6,-0.9141479326644292,DD85028_2023_FA32A_51,5,1
DD85028,2023,Heated,EXPEXP,6,-0.9141479326644292,DD85028_2023_FA32A_51,6,0
DD82920,2023,Heated,EXPEXP,7,0.6811298321813386,DD82920_2023_FA3A_51,1,1
DD82920,2023,Heated,EXPEXP,7,0.6811298321813386,DD82920_2023_FA3A_51,2,1
DD82920,2023,Heated,EXPEXP,7,0.6811298321813386,DD82920_2023_FA3A_51,3,1
DD82920,2023,Heated,EXPEXP,7,0.6811298321813386,DD82920_2023_FA3A_51,4,1
DD82920,2023,Heated,EXPEXP,7,0.6811298321813386,DD82920_2023_FA3A_51,5,1
DD82920,2023,Heated,EXPEXP,7,0.6811298321813386,DD82920_2023_FA3A_51,6,1
DD82920,2023,Heated,EXPEXP,7,0.6811298321813386,DD82920_2023_FA3A_51,7,1
DD85032,2023,Heated,EXPCON,7,0.6811298321813386,DD85032_2023_FA47A_55,1,1
DD85032,2023,Heated,EXPCON,7,0.6811298321813386,DD85032_2023_FA47A_55,2,1
DD85032,2023,Heated,EXPCON,7,0.6811298321813386,DD85032_2023_FA47A_55,3,1
DD85032,2023,Heated,EXPCON,7,0.6811298321813386,DD85032_2023_FA47A_55,4,1
DD85032,2023,Heated,EXPCON,7,0.6811298321813386,DD85032_2023_FA47A_55,5,1
DD85032,2023,Heated,EXPCON,7,0.6811298321813386,DD85032_2023_FA47A_55,6,1
DD85032,2023,Heated,EXPCON,7,0.6811298321813386,DD85032_2023_FA47A_55,7,1
DD85029,2023,Control,CONCON,7,0.6811298321813386,DD85029_2023_FA48A_51,1,1
DD85029,2023,Control,CONCON,7,0.6811298321813386,DD85029_2023_FA48A_51,2,1
DD85029,2023,Control,CONCON,7,0.6811298321813386,DD85029_2023_FA48A_51,3,1
DD85029,2023,Control,CONCON,7,0.6811298321813386,DD85029_2023_FA48A_51,4,1
DD85029,2023,Control,CONCON,7,0.6811298321813386,DD85029_2023_FA48A_51,5,1
DD85029,2023,Control,CONCON,7,0.6811298321813386,DD85029_2023_FA48A_51,6,1
DD85029,2023,Control,CONCON,7,0.6811298321813386,DD85029_2023_FA48A_51,7,0
DC57534,2023,Heated,EXPCON,6,-0.9141479326644292,DC57534_2023_FA7A_50,1,1
DC57534,2023,Heated,EXPCON,6,-0.9141479326644292,DC57534_2023_FA7A_50,2,1
DC57534,2023,Heated,EXPCON,6,-0.9141479326644292,DC57534_2023_FA7A_50,3,1
DC57534,2023,Heated,EXPCON,6,-0.9141479326644292,DC57534_2023_FA7A_50,4,1
DC57534,2023,Heated,EXPCON,6,-0.9141479326644292,DC57534_2023_FA7A_50,5,1
DC57534,2023,Heated,EXPCON,6,-0.9141479326644292,DC57534_2023_FA7A_50,6,0
FK12B_2023,2023,Heated,EXPCON,6,-0.9141479326644292,FK12B_2023_2023_FK12B_49,1,1
FK12B_2023,2023,Heated,EXPCON,6,-0.9141479326644292,FK12B_2023_2023_FK12B_49,2,1
FK12B_2023,2023,Heated,EXPCON,6,-0.9141479326644292,FK12B_2023_2023_FK12B_49,3,1
FK12B_2023,2023,Heated,EXPCON,6,-0.9141479326644292,FK12B_2023_2023_FK12B_49,4,1
FK12B_2023,2023,Heated,EXPCON,6,-0.9141479326644292,FK12B_2023_2023_FK12B_49,5,0
FK12B_2023,2023,Heated,EXPCON,6,-0.9141479326644292,FK12B_2023_2023_FK12B_49,6,0
DD82917,2023,Control,CONCON,6,-0.9141479326644292,DD82917_2023_FK12E_51,1,1
DD82917,2023,Control,CONCON,6,-0.9141479326644292,DD82917_2023_FK12E_51,2,1
DD82917,2023,Control,CONCON,6,-0.9141479326644292,DD82917_2023_FK12E_51,3,1
DD82917,2023,Control,CONCON,6,-0.9141479326644292,DD82917_2023_FK12E_51,4,1
DD82917,2023,Control,CONCON,6,-0.9141479326644292,DD82917_2023_FK12E_51,5,1
DD82917,2023,Control,CONCON,6,-0.9141479326644292,DD82917_2023_FK12E_51,6,1
DC54801,2023,Heated,EXPEXP,6,-0.9141479326644292,DC54801_2023_FK13D_51,1,1
DC54801,2023,Heated,EXPEXP,6,-0.9141479326644292,DC54801_2023_FK13D_51,2,1
DC54801,2023,Heated,EXPEXP,6,-0.9141479326644292,DC54801_2023_FK13D_51,3,1
DC54801,2023,Heated,EXPEXP,6,-0.9141479326644292,DC54801_2023_FK13D_51,4,1
DC54801,2023,Heated,EXPEXP,6,-0.9141479326644292,DC54801_2023_FK13D_51,5,1
DC54801,2023,Heated,EXPEXP,6,-0.9141479326644292,DC54801_2023_FK13D_51,6,1
DC55198,2023,Control,CONEXP,7,0.6811298321813386,DC55198_2023_FK15C_46,1,1
DC55198,2023,Control,CONEXP,7,0.6811298321813386,DC55198_2023_FK15C_46,2,1
DC55198,2023,Control,CONEXP,7,0.6811298321813386,DC55198_2023_FK15C_46,3,0
DC55198,2023,Control,CONEXP,7,0.6811298321813386,DC55198_2023_FK15C_46,4,0
DC55198,2023,Control,CONEXP,7,0.6811298321813386,DC55198_2023_FK15C_46,5,0
DC55198,2023,Control,CONEXP,7,0.6811298321813386,DC55198_2023_FK15C_46,6,0
DC55198,2023,Control,CONEXP,7,0.6811298321813386,DC55198_2023_FK15C_46,7,0
DD85021,2023,Control,CONCON,6,-0.9141479326644292,DD85021_2023_FK16A_49,1,1
DD85021,2023,Control,CONCON,6,-0.9141479326644292,DD85021_2023_FK16A_49,2,1
DD85021,2023,Control,CONCON,6,-0.9141479326644292,DD85021_2023_FK16A_49,3,1
DD85021,2023,Control,CONCON,6,-0.9141479326644292,DD85021_2023_FK16A_49,4,1
DD85021,2023,Control,CONCON,6,-0.9141479326644292,DD85021_2023_FK16A_49,5,0
DD85021,2023,Control,CONCON,6,-0.9141479326644292,DD85021_2023_FK16A_49,6,0
DD85045,2023,Heated,EXPCON,7,0.6811298321813386,DD85045_2023_FK16D_46,1,1
DD85045,2023,Heated,EXPCON,7,0.6811298321813386,DD85045_2023_FK16D_46,2,1
DD85045,2023,Heated,EXPCON,7,0.6811298321813386,DD85045_2023_FK16D_46,3,1
DD85045,2023,Heated,EXPCON,7,0.6811298321813386,DD85045_2023_FK16D_46,4,0
DD85045,2023,Heated,EXPCON,7,0.6811298321813386,DD85045_2023_FK16D_46,5,0
DD85045,2023,Heated,EXPCON,7,0.6811298321813386,DD85045_2023_FK16D_46,6,0
DD85045,2023,Heated,EXPCON,7,0.6811298321813386,DD85045_2023_FK16D_46,7,0
DD85044,2023,Heated,EXPCON,7,0.6811298321813386,DD85044_2023_FK17B_49,1,1
DD85044,2023,Heated,EXPCON,7,0.6811298321813386,DD85044_2023_FK17B_49,2,1
DD85044,2023,Heated,EXPCON,7,0.6811298321813386,DD85044_2023_FK17B_49,3,1
DD85044,2023,Heated,EXPCON,7,0.6811298321813386,DD85044_2023_FK17B_49,4,1
DD85044,2023,Heated,EXPCON,7,0.6811298321813386,DD85044_2023_FK17B_49,5,1
DD85044,2023,Heated,EXPCON,7,0.6811298321813386,DD85044_2023_FK17B_49,6,1
DD85044,2023,Heated,EXPCON,7,0.6811298321813386,DD85044_2023_FK17B_49,7,0
DD85031,2023,Control,CONEXP,7,0.6811298321813386,DD85031_2023_FK19A_49,1,1
DD85031,2023,Control,CONEXP,7,0.6811298321813386,DD85031_2023_FK19A_49,2,1
DD85031,2023,Control,CONEXP,7,0.6811298321813386,DD85031_2023_FK19A_49,3,1
DD85031,2023,Control,CONEXP,7,0.6811298321813386,DD85031_2023_FK19A_49,4,1
DD85031,2023,Control,CONEXP,7,0.6811298321813386,DD85031_2023_FK19A_49,5,1
DD85031,2023,Control,CONEXP,7,0.6811298321813386,DD85031_2023_FK19A_49,6,1
DD85031,2023,Control,CONEXP,7,0.6811298321813386,DD85031_2023_FK19A_49,7,0
CR04613,2023,Heated,EXPEXP,7,0.6811298321813386,CR04613_2023_FK28B_53,1,1
CR04613,2023,Heated,EXPEXP,7,0.6811298321813386,CR04613_2023_FK28B_53,2,1
CR04613,2023,Heated,EXPEXP,7,0.6811298321813386,CR04613_2023_FK28B_53,3,1
CR04613,2023,Heated,EXPEXP,7,0.6811298321813386,CR04613_2023_FK28B_53,4,1
CR04613,2023,Heated,EXPEXP,7,0.6811298321813386,CR04613_2023_FK28B_53,5,1
CR04613,2023,Heated,EXPEXP,7,0.6811298321813386,CR04613_2023_FK28B_53,6,1
CR04613,2023,Heated,EXPEXP,7,0.6811298321813386,CR04613_2023_FK28B_53,7,0
DD85043,2023,Heated,EXPEXP,6,-0.9141479326644292,DD85043_2023_FK29B_49,1,1
DD85043,2023,Heated,EXPEXP,6,-0.9141479326644292,DD85043_2023_FK29B_49,2,1
DD85043,2023,Heated,EXPEXP,6,-0.9141479326644292,DD85043_2023_FK29B_49,3,1
DD85043,2023,Heated,EXPEXP,6,-0.9141479326644292,DD85043_2023_FK29B_49,4,1
DD85043,2023,Heated,EXPEXP,6,-0.9141479326644292,DD85043_2023_FK29B_49,5,1
DD85043,2023,Heated,EXPEXP,6,-0.9141479326644292,DD85043_2023_FK29B_49,6,0
DD85026,2023,Heated,EXPCON,6,-0.9141479326644292,DD85026_2023_FK36A_50,1,1
DD85026,2023,Heated,EXPCON,6,-0.9141479326644292,DD85026_2023_FK36A_50,2,1
DD85026,2023,Heated,EXPCON,6,-0.9141479326644292,DD85026_2023_FK36A_50,3,1
DD85026,2023,Heated,EXPCON,6,-0.9141479326644292,DD85026_2023_FK36A_50,4,1
DD85026,2023,Heated,EXPCON,6,-0.9141479326644292,DD85026_2023_FK36A_50,5,0
DD85026,2023,Heated,EXPCON,6,-0.9141479326644292,DD85026_2023_FK36A_50,6,0
DC54911,2023,Heated,EXPEXP,8,2.2764075970271063,DC54911_2023_FK3D_49,1,1
DC54911,2023,Heated,EXPEXP,8,2.2764075970271063,DC54911_2023_FK3D_49,2,1
DC54911,2023,Heated,EXPEXP,8,2.2764075970271063,DC54911_2023_FK3D_49,3,1
DC54911,2023,Heated,EXPEXP,8,2.2764075970271063,DC54911_2023_FK3D_49,4,1
DC54911,2023,Heated,EXPEXP,8,2.2764075970271063,DC54911_2023_FK3D_49,5,1
DC54911,2023,Heated,EXPEXP,8,2.2764075970271063,DC54911_2023_FK3D_49,6,1
DC54911,2023,Heated,EXPEXP,8,2.2764075970271063,DC54911_2023_FK3D_49,7,1
DC54911,2023,Heated,EXPEXP,8,2.2764075970271063,DC54911_2023_FK3D_49,8,0
DD85014,2023,Heated,EXPEXP,6,-0.9141479326644292,DD85014_2023_FK5A_47,1,1
DD85014,2023,Heated,EXPEXP,6,-0.9141479326644292,DD85014_2023_FK5A_47,2,1
DD85014,2023,Heated,EXPEXP,6,-0.9141479326644292,DD85014_2023_FK5A_47,3,1
DD85014,2023,Heated,EXPEXP,6,-0.9141479326644292,DD85014_2023_FK5A_47,4,1
DD85014,2023,Heated,EXPEXP,6,-0.9141479326644292,DD85014_2023_FK5A_47,5,1
DD85014,2023,Heated,EXPEXP,6,-0.9141479326644292,DD85014_2023_FK5A_47,6,1
DD85027,2023,Control,CONEXP,6,-0.9141479326644292,DD85027_2023_FKN12_50,1,1
DD85027,2023,Control,CONEXP,6,-0.9141479326644292,DD85027_2023_FKN12_50,2,1
DD85027,2023,Control,CONEXP,6,-0.9141479326644292,DD85027_2023_FKN12_50,3,1
DD85027,2023,Control,CONEXP,6,-0.9141479326644292,DD85027_2023_FKN12_50,4,1
DD85027,2023,Control,CONEXP,6,-0.9141479326644292,DD85027_2023_FKN12_50,5,1
DD85027,2023,Control,CONEXP,6,-0.9141479326644292,DD85027_2023_FKN12_50,6,0
DD85235,2023,Heated,EXPEXP,7,0.6811298321813386,DD85235_2023_FKN2A_48,1,1
DD85235,2023,Heated,EXPEXP,7,0.6811298321813386,DD85235_2023_FKN2A_48,2,1
DD85235,2023,Heated,EXPEXP,7,0.6811298321813386,DD85235_2023_FKN2A_48,3,1
DD85235,2023,Heated,EXPEXP,7,0.6811298321813386,DD85235_2023_FKN2A_48,4,1
DD85235,2023,Heated,EXPEXP,7,0.6811298321813386,DD85235_2023_FKN2A_48,5,1
DD85235,2023,Heated,EXPEXP,7,0.6811298321813386,DD85235_2023_FKN2A_48,6,1
DD85235,2023,Heated,EXPEXP,7,0.6811298321813386,DD85235_2023_FKN2A_48,7,1
DC54212,2023,Heated,EXPCON,7,0.6811298321813386,DC54212_2023_FO10B_48,1,1
DC54212,2023,Heated,EXPCON,7,0.6811298321813386,DC54212_2023_FO10B_48,2,1
DC54212,2023,Heated,EXPCON,7,0.6811298321813386,DC54212_2023_FO10B_48,3,1
DC54212,2023,Heated,EXPCON,7,0.6811298321813386,DC54212_2023_FO10B_48,4,1
DC54212,2023,Heated,EXPCON,7,0.6811298321813386,DC54212_2023_FO10B_48,5,1
DC54212,2023,Heated,EXPCON,7,0.6811298321813386,DC54212_2023_FO10B_48,6,1
DC54212,2023,Heated,EXPCON,7,0.6811298321813386,DC54212_2023_FO10B_48,7,0
CV41781,2023,Heated,EXPCON,7,0.6811298321813386,CV41781_2023_FO12A_49,1,1
CV41781,2023,Heated,EXPCON,7,0.6811298321813386,CV41781_2023_FO12A_49,2,1
CV41781,2023,Heated,EXPCON,7,0.6811298321813386,CV41781_2023_FO12A_49,3,1
CV41781,2023,Heated,EXPCON,7,0.6811298321813386,CV41781_2023_FO12A_49,4,1
CV41781,2023,Heated,EXPCON,7,0.6811298321813386,CV41781_2023_FO12A_49,5,1
CV41781,2023,Heated,EXPCON,7,0.6811298321813386,CV41781_2023_FO12A_49,6,1
CV41781,2023,Heated,EXPCON,7,0.6811298321813386,CV41781_2023_FO12A_49,7,1
DC56549,2023,Control,CONEXP,7,0.6811298321813386,DC56549_2023_FO12B_47,1,1
DC56549,2023,Control,CONEXP,7,0.6811298321813386,DC56549_2023_FO12B_47,2,1
DC56549,2023,Control,CONEXP,7,0.6811298321813386,DC56549_2023_FO12B_47,3,1
DC56549,2023,Control,CONEXP,7,0.6811298321813386,DC56549_2023_FO12B_47,4,1
DC56549,2023,Control,CONEXP,7,0.6811298321813386,DC56549_2023_FO12B_47,5,1
DC56549,2023,Control,CONEXP,7,0.6811298321813386,DC56549_2023_FO12B_47,6,1
DC56549,2023,Control,CONEXP,7,0.6811298321813386,DC56549_2023_FO12B_47,7,1
DA78138,2023,Heated,EXPCON,7,0.6811298321813386,DA78138_2023_FO13A_45,1,1
DA78138,2023,Heated,EXPCON,7,0.6811298321813386,DA78138_2023_FO13A_45,2,1
DA78138,2023,Heated,EXPCON,7,0.6811298321813386,DA78138_2023_FO13A_45,3,1
DA78138,2023,Heated,EXPCON,7,0.6811298321813386,DA78138_2023_FO13A_45,4,1
DA78138,2023,Heated,EXPCON,7,0.6811298321813386,DA78138_2023_FO13A_45,5,1
DA78138,2023,Heated,EXPCON,7,0.6811298321813386,DA78138_2023_FO13A_45,6,1
DA78138,2023,Heated,EXPCON,7,0.6811298321813386,DA78138_2023_FO13A_45,7,1
DD83102,2023,Heated,EXPCON,7,0.6811298321813386,DD83102_2023_FO13D_46,1,1
DD83102,2023,Heated,EXPCON,7,0.6811298321813386,DD83102_2023_FO13D_46,2,1
DD83102,2023,Heated,EXPCON,7,0.6811298321813386,DD83102_2023_FO13D_46,3,1
DD83102,2023,Heated,EXPCON,7,0.6811298321813386,DD83102_2023_FO13D_46,4,1
DD83102,2023,Heated,EXPCON,7,0.6811298321813386,DD83102_2023_FO13D_46,5,1
DD83102,2023,Heated,EXPCON,7,0.6811298321813386,DD83102_2023_FO13D_46,6,1
DD83102,2023,Heated,EXPCON,7,0.6811298321813386,DD83102_2023_FO13D_46,7,0
CR04937,2023,Heated,EXPCON,7,0.6811298321813386,CR04937_2023_FO14B_47,1,1
CR04937,2023,Heated,EXPCON,7,0.6811298321813386,CR04937_2023_FO14B_47,2,1
CR04937,2023,Heated,EXPCON,7,0.6811298321813386,CR04937_2023_FO14B_47,3,0
CR04937,2023,Heated,EXPCON,7,0.6811298321813386,CR04937_2023_FO14B_47,4,0
CR04937,2023,Heated,EXPCON,7,0.6811298321813386,CR04937_2023_FO14B_47,5,0
CR04937,2023,Heated,EXPCON,7,0.6811298321813386,CR04937_2023_FO14B_47,6,0
CR04937,2023,Heated,EXPCON,7,0.6811298321813386,CR04937_2023_FO14B_47,7,0
DD85033,2023,Control,CONEXP,6,-0.9141479326644292,DD85033_2023_FO14D_54,1,1
DD85033,2023,Control,CONEXP,6,-0.9141479326644292,DD85033_2023_FO14D_54,2,1
DD85033,2023,Control,CONEXP,6,-0.9141479326644292,DD85033_2023_FO14D_54,3,1
DD85033,2023,Control,CONEXP,6,-0.9141479326644292,DD85033_2023_FO14D_54,4,1
DD85033,2023,Control,CONEXP,6,-0.9141479326644292,DD85033_2023_FO14D_54,5,1
DD85033,2023,Control,CONEXP,6,-0.9141479326644292,DD85033_2023_FO14D_54,6,0
DC57608,2023,Heated,EXPEXP,7,0.6811298321813386,DC57608_2023_FO16A_47,1,1
DC57608,2023,Heated,EXPEXP,7,0.6811298321813386,DC57608_2023_FO16A_47,2,1
DC57608,2023,Heated,EXPEXP,7,0.6811298321813386,DC57608_2023_FO16A_47,3,0
DC57608,2023,Heated,EXPEXP,7,0.6811298321813386,DC57608_2023_FO16A_47,4,0
DC57608,2023,Heated,EXPEXP,7,0.6811298321813386,DC57608_2023_FO16A_47,5,0
DC57608,2023,Heated,EXPEXP,7,0.6811298321813386,DC57608_2023_FO16A_47,6,0
DC57608,2023,Heated,EXPEXP,7,0.6811298321813386,DC57608_2023_FO16A_47,7,0
DA78174,2023,Control,CONCON,7,0.6811298321813386,DA78174_2023_FO20C_47,1,1
DA78174,2023,Control,CONCON,7,0.6811298321813386,DA78174_2023_FO20C_47,2,1
DA78174,2023,Control,CONCON,7,0.6811298321813386,DA78174_2023_FO20C_47,3,1
DA78174,2023,Control,CONCON,7,0.6811298321813386,DA78174_2023_FO20C_47,4,1
DA78174,2023,Control,CONCON,7,0.6811298321813386,DA78174_2023_FO20C_47,5,1
DA78174,2023,Control,CONCON,7,0.6811298321813386,DA78174_2023_FO20C_47,6,0
DA78174,2023,Control,CONCON,7,0.6811298321813386,DA78174_2023_FO20C_47,7,0
DD83480,2023,Control,CONEXP,7,0.6811298321813386,DD83480_2023_FO39A_49,1,1
DD83480,2023,Control,CONEXP,7,0.6811298321813386,DD83480_2023_FO39A_49,2,1
DD83480,2023,Control,CONEXP,7,0.6811298321813386,DD83480_2023_FO39A_49,3,1
DD83480,2023,Control,CONEXP,7,0.6811298321813386,DD83480_2023_FO39A_49,4,1
DD83480,2023,Control,CONEXP,7,0.6811298321813386,DD83480_2023_FO39A_49,5,1
DD83480,2023,Control,CONEXP,7,0.6811298321813386,DD83480_2023_FO39A_49,6,1
DD83480,2023,Control,CONEXP,7,0.6811298321813386,DD83480_2023_FO39A_49,7,0
CR03297,2023,Control,CONCON,6,-0.9141479326644292,CR03297_2023_FO72A_47,1,1
CR03297,2023,Control,CONCON,6,-0.9141479326644292,CR03297_2023_FO72A_47,2,1
CR03297,2023,Control,CONCON,6,-0.9141479326644292,CR03297_2023_FO72A_47,3,1
CR03297,2023,Control,CONCON,6,-0.9141479326644292,CR03297_2023_FO72A_47,4,1
CR03297,2023,Control,CONCON,6,-0.9141479326644292,CR03297_2023_FO72A_47,5,1
CR03297,2023,Control,CONCON,6,-0.9141479326644292,CR03297_2023_FO72A_47,6,1
DC57611,2023,Control,CONCON,6,-0.9141479326644292,DC57611_2023_FO75A_48,1,1
DC57611,2023,Control,CONCON,6,-0.9141479326644292,DC57611_2023_FO75A_48,2,1
DC57611,2023,Control,CONCON,6,-0.9141479326644292,DC57611_2023_FO75A_48,3,1
DC57611,2023,Control,CONCON,6,-0.9141479326644292,DC57611_2023_FO75A_48,4,1
DC57611,2023,Control,CONCON,6,-0.9141479326644292,DC57611_2023_FO75A_48,5,0
DC57611,2023,Control,CONCON,6,-0.9141479326644292,DC57611_2023_FO75A_48,6,0
CR03886,2023,Control,CONCON,7,0.6811298321813386,CR03886_2023_FO79A_47,1,1
CR03886,2023,Control,CONCON,7,0.6811298321813386,CR03886_2023_FO79A_47,2,1
CR03886,2023,Control,CONCON,7,0.6811298321813386,CR03886_2023_FO79A_47,3,1
CR03886,2023,Control,CONCON,7,0.6811298321813386,CR03886_2023_FO79A_47,4,1
CR03886,2023,Control,CONCON,7,0.6811298321813386,CR03886_2023_FO79A_47,5,1
CR03886,2023,Control,CONCON,7,0.6811298321813386,CR03886_2023_FO79A_47,6,1
CR03886,2023,Control,CONCON,7,0.6811298321813386,CR03886_2023_FO79A_47,7,0
DD85017,2023,Heated,EXPCON,6,-0.9141479326644292,DD85017_2023_KA27A_48,1,1
DD85017,2023,Heated,EXPCON,6,-0.9141479326644292,DD85017_2023_KA27A_48,2,1
DD85017,2023,Heated,EXPCON,6,-0.9141479326644292,DD85017_2023_KA27A_48,3,1
DD85017,2023,Heated,EXPCON,6,-0.9141479326644292,DD85017_2023_KA27A_48,4,1
DD85017,2023,Heated,EXPCON,6,-0.9141479326644292,DD85017_2023_KA27A_48,5,1
DD85017,2023,Heated,EXPCON,6,-0.9141479326644292,DD85017_2023_KA27A_48,6,0
DD85016,2023,Control,CONEXP,8,2.2764075970271063,DD85016_2023_KA40A_48,1,1
DD85016,2023,Control,CONEXP,8,2.2764075970271063,DD85016_2023_KA40A_48,2,1
DD85016,2023,Control,CONEXP,8,2.2764075970271063,DD85016_2023_KA40A_48,3,1
DD85016,2023,Control,CONEXP,8,2.2764075970271063,DD85016_2023_KA40A_48,4,1
DD85016,2023,Control,CONEXP,8,2.2764075970271063,DD85016_2023_KA40A_48,5,1
DD85016,2023,Control,CONEXP,8,2.2764075970271063,DD85016_2023_KA40A_48,6,1
DD85016,2023,Control,CONEXP,8,2.2764075970271063,DD85016_2023_KA40A_48,7,1
DD85016,2023,Control,CONEXP,8,2.2764075970271063,DD85016_2023_KA40A_48,8,0
DD85015,2023,Heated,EXPCON,7,0.6811298321813386,DD85015_2023_KA9A_48,1,1
DD85015,2023,Heated,EXPCON,7,0.6811298321813386,DD85015_2023_KA9A_48,2,1
DD85015,2023,Heated,EXPCON,7,0.6811298321813386,DD85015_2023_KA9A_48,3,1
DD85015,2023,Heated,EXPCON,7,0.6811298321813386,DD85015_2023_KA9A_48,4,0
DD85015,2023,Heated,EXPCON,7,0.6811298321813386,DD85015_2023_KA9A_48,5,0
DD85015,2023,Heated,EXPCON,7,0.6811298321813386,DD85015_2023_KA9A_48,6,0
DD85015,2023,Heated,EXPCON,7,0.6811298321813386,DD85015_2023_KA9A_48,7,0
DD85023,2023,Control,CONCON,7,0.6811298321813386,DD85023_2023_OJ102A_49,1,1
DD85023,2023,Control,CONCON,7,0.6811298321813386,DD85023_2023_OJ102A_49,2,1
DD85023,2023,Control,CONCON,7,0.6811298321813386,DD85023_2023_OJ102A_49,3,1
DD85023,2023,Control,CONCON,7,0.6811298321813386,DD85023_2023_OJ102A_49,4,1
DD85023,2023,Control,CONCON,7,0.6811298321813386,DD85023_2023_OJ102A_49,5,0
DD85023,2023,Control,CONCON,7,0.6811298321813386,DD85023_2023_OJ102A_49,6,0
DD85023,2023,Control,CONCON,7,0.6811298321813386,DD85023_2023_OJ102A_49,7,0
CY08253,2023,Control,CONEXP,7,0.6811298321813386,CY08253_2023_OJ121A_46,1,1
CY08253,2023,Control,CONEXP,7,0.6811298321813386,CY08253_2023_OJ121A_46,2,1
CY08253,2023,Control,CONEXP,7,0.6811298321813386,CY08253_2023_OJ121A_46,3,1
CY08253,2023,Control,CONEXP,7,0.6811298321813386,CY08253_2023_OJ121A_46,4,1
CY08253,2023,Control,CONEXP,7,0.6811298321813386,CY08253_2023_OJ121A_46,5,1
CY08253,2023,Control,CONEXP,7,0.6811298321813386,CY08253_2023_OJ121A_46,6,1
CY08253,2023,Control,CONEXP,7,0.6811298321813386,CY08253_2023_OJ121A_46,7,0
DD85010,2023,Heated,EXPEXP,6,-0.9141479326644292,DD85010_2023_OJ127B_47,1,1
DD85010,2023,Heated,EXPEXP,6,-0.9141479326644292,DD85010_2023_OJ127B_47,2,1
DD85010,2023,Heated,EXPEXP,6,-0.9141479326644292,DD85010_2023_OJ127B_47,3,1
DD85010,2023,Heated,EXPEXP,6,-0.9141479326644292,DD85010_2023_OJ127B_47,4,1
DD85010,2023,Heated,EXPEXP,6,-0.9141479326644292,DD85010_2023_OJ127B_47,5,1
DD85010,2023,Heated,EXPEXP,6,-0.9141479326644292,DD85010_2023_OJ127B_47,6,1
DD85008,2023,Control,CONEXP,6,-0.9141479326644292,DD85008_2023_OJ133A_46,1,1
DD85008,2023,Control,CONEXP,6,-0.9141479326644292,DD85008_2023_OJ133A_46,2,1
DD85008,2023,Control,CONEXP,6,-0.9141479326644292,DD85008_2023_OJ133A_46,3,1
DD85008,2023,Control,CONEXP,6,-0.9141479326644292,DD85008_2023_OJ133A_46,4,1
DD85008,2023,Control,CONEXP,6,-0.9141479326644292,DD85008_2023_OJ133A_46,5,0
DD85008,2023,Control,CONEXP,6,-0.9141479326644292,DD85008_2023_OJ133A_46,6,0
DD85024,2023,Heated,EXPEXP,6,-0.9141479326644292,DD85024_2023_OJ134A_49,1,1
DD85024,2023,Heated,EXPEXP,6,-0.9141479326644292,DD85024_2023_OJ134A_49,2,1
DD85024,2023,Heated,EXPEXP,6,-0.9141479326644292,DD85024_2023_OJ134A_49,3,1
DD85024,2023,Heated,EXPEXP,6,-0.9141479326644292,DD85024_2023_OJ134A_49,4,1
DD85024,2023,Heated,EXPEXP,6,-0.9141479326644292,DD85024_2023_OJ134A_49,5,1
DD85024,2023,Heated,EXPEXP,6,-0.9141479326644292,DD85024_2023_OJ134A_49,6,1
DA77761,2023,Heated,EXPEXP,6,-0.9141479326644292,DA77761_2023_OJ136A_43,1,1
DA77761,2023,Heated,EXPEXP,6,-0.9141479326644292,DA77761_2023_OJ136A_43,2,1
DA77761,2023,Heated,EXPEXP,6,-0.9141479326644292,DA77761_2023_OJ136A_43,3,1
DA77761,2023,Heated,EXPEXP,6,-0.9141479326644292,DA77761_2023_OJ136A_43,4,1
DA77761,2023,Heated,EXPEXP,6,-0.9141479326644292,DA77761_2023_OJ136A_43,5,1
DA77761,2023,Heated,EXPEXP,6,-0.9141479326644292,DA77761_2023_OJ136A_43,6,0
DD85009,2023,Control,CONCON,6,-0.9141479326644292,DD85009_2023_OJ143A_47,1,1
DD85009,2023,Control,CONCON,6,-0.9141479326644292,DD85009_2023_OJ143A_47,2,1
DD85009,2023,Control,CONCON,6,-0.9141479326644292,DD85009_2023_OJ143A_47,3,1
DD85009,2023,Control,CONCON,6,-0.9141479326644292,DD85009_2023_OJ143A_47,4,1
DD85009,2023,Control,CONCON,6,-0.9141479326644292,DD85009_2023_OJ143A_47,5,1
DD85009,2023,Control,CONCON,6,-0.9141479326644292,DD85009_2023_OJ143A_47,6,0
DD85007,2023,Heated,EXPCON,7,0.6811298321813386,DD85007_2023_OJ163A_46,1,1
DD85007,2023,Heated,EXPCON,7,0.6811298321813386,DD85007_2023_OJ163A_46,2,1
DD85007,2023,Heated,EXPCON,7,0.6811298321813386,DD85007_2023_OJ163A_46,3,1
DD85007,2023,Heated,EXPCON,7,0.6811298321813386,DD85007_2023_OJ163A_46,4,0
DD85007,2023,Heated,EXPCON,7,0.6811298321813386,DD85007_2023_OJ163A_46,5,0
DD85007,2023,Heated,EXPCON,7,0.6811298321813386,DD85007_2023_OJ163A_46,6,0
DD85007,2023,Heated,EXPCON,7,0.6811298321813386,DD85007_2023_OJ163A_46,7,0
DD85013,2023,Heated,EXPCON,6,-0.9141479326644292,DD85013_2023_OJ179A_47,1,1
DD85013,2023,Heated,EXPCON,6,-0.9141479326644292,DD85013_2023_OJ179A_47,2,1
DD85013,2023,Heated,EXPCON,6,-0.9141479326644292,DD85013_2023_OJ179A_47,3,1
DD85013,2023,Heated,EXPCON,6,-0.9141479326644292,DD85013_2023_OJ179A_47,4,1
DD85013,2023,Heated,EXPCON,6,-0.9141479326644292,DD85013_2023_OJ179A_47,5,0
DD85013,2023,Heated,EXPCON,6,-0.9141479326644292,DD85013_2023_OJ179A_47,6,0
CR03353,2023,Control,CONCON,7,0.6811298321813386,CR03353_2023_OJ83A_47,1,1
CR03353,2023,Control,CONCON,7,0.6811298321813386,CR03353_2023_OJ83A_47,2,1
CR03353,2023,Control,CONCON,7,0.6811298321813386,CR03353_2023_OJ83A_47,3,1
CR03353,2023,Control,CONCON,7,0.6811298321813386,CR03353_2023_OJ83A_47,4,1
CR03353,2023,Control,CONCON,7,0.6811298321813386,CR03353_2023_OJ83A_47,5,1
CR03353,2023,Control,CONCON,7,0.6811298321813386,CR03353_2023_OJ83A_47,6,1
CR03353,2023,Control,CONCON,7,0.6811298321813386,CR03353_2023_OJ83A_47,7,1
DD85011,2023,Control,CONEXP,6,-0.9141479326644292,DD85011_2023_OJ88A_47,1,1
DD85011,2023,Control,CONEXP,6,-0.9141479326644292,DD85011_2023_OJ88A_47,2,1
DD85011,2023,Control,CONEXP,6,-0.9141479326644292,DD85011_2023_OJ88A_47,3,1
DD85011,2023,Control,CONEXP,6,-0.9141479326644292,DD85011_2023_OJ88A_47,4,1
DD85011,2023,Control,CONEXP,6,-0.9141479326644292,DD85011_2023_OJ88A_47,5,1
DD85011,2023,Control,CONEXP,6,-0.9141479326644292,DD85011_2023_OJ88A_47,6,0
DD85012,2023,Heated,EXPEXP,7,0.6811298321813386,DD85012_2023_OJ97A_47,1,1
DD85012,2023,Heated,EXPEXP,7,0.6811298321813386,DD85012_2023_OJ97A_47,2,1
DD85012,2023,Heated,EXPEXP,7,0.6811298321813386,DD85012_2023_OJ97A_47,3,1
DD85012,2023,Heated,EXPEXP,7,0.6811298321813386,DD85012_2023_OJ97A_47,4,1
DD85012,2023,Heated,EXPEXP,7,0.6811298321813386,DD85012_2023_OJ97A_47,5,1
DD85012,2023,Heated,EXPEXP,7,0.6811298321813386,DD85012_2023_OJ97A_47,6,1
DD85012,2023,Heated,EXPEXP,7,0.6811298321813386,DD85012_2023_OJ97A_47,7,1
DC57151,2023,Control,CONEXP,7,0.6811298321813386,DC57151_2023_SL16A_48,1,1
DC57151,2023,Control,CONEXP,7,0.6811298321813386,DC57151_2023_SL16A_48,2,1
DC57151,2023,Control,CONEXP,7,0.6811298321813386,DC57151_2023_SL16A_48,3,1
DC57151,2023,Control,CONEXP,7,0.6811298321813386,DC57151_2023_SL16A_48,4,1
DC57151,2023,Control,CONEXP,7,0.6811298321813386,DC57151_2023_SL16A_48,5,1
DC57151,2023,Control,CONEXP,7,0.6811298321813386,DC57151_2023_SL16A_48,6,1
DC57151,2023,Control,CONEXP,7,0.6811298321813386,DC57151_2023_SL16A_48,7,1
DC57139,2024,Control,CONEXP,7,0.6811298321813386,DC57139_2024_BK06A_47,1,1
DC57139,2024,Control,CONEXP,7,0.6811298321813386,DC57139_2024_BK06A_47,2,1
DC57139,2024,Control,CONEXP,7,0.6811298321813386,DC57139_2024_BK06A_47,3,1
DC57139,2024,Control,CONEXP,7,0.6811298321813386,DC57139_2024_BK06A_47,4,1
DC57139,2024,Control,CONEXP,7,0.6811298321813386,DC57139_2024_BK06A_47,5,1
DC57139,2024,Control,CONEXP,7,0.6811298321813386,DC57139_2024_BK06A_47,6,1
DC57139,2024,Control,CONEXP,7,0.6811298321813386,DC57139_2024_BK06A_47,7,1
DC54210,2024,Control,CONCON,6,-0.9141479326644292,DC54210_2024_BK10A_46,1,1
DC54210,2024,Control,CONCON,6,-0.9141479326644292,DC54210_2024_BK10A_46,2,1
DC54210,2024,Control,CONCON,6,-0.9141479326644292,DC54210_2024_BK10A_46,3,1
DC54210,2024,Control,CONCON,6,-0.9141479326644292,DC54210_2024_BK10A_46,4,1
DC54210,2024,Control,CONCON,6,-0.9141479326644292,DC54210_2024_BK10A_46,5,1
DC54210,2024,Control,CONCON,6,-0.9141479326644292,DC54210_2024_BK10A_46,6,1
DD85998,2024,Heated,EXPEXP,6,-0.9141479326644292,DD85998_2024_BK12A_46,1,1
DD85998,2024,Heated,EXPEXP,6,-0.9141479326644292,DD85998_2024_BK12A_46,2,1
DD85998,2024,Heated,EXPEXP,6,-0.9141479326644292,DD85998_2024_BK12A_46,3,1
DD85998,2024,Heated,EXPEXP,6,-0.9141479326644292,DD85998_2024_BK12A_46,4,1
DD85998,2024,Heated,EXPEXP,6,-0.9141479326644292,DD85998_2024_BK12A_46,5,0
DD85998,2024,Heated,EXPEXP,6,-0.9141479326644292,DD85998_2024_BK12A_46,6,0
DD81694,2024,Heated,EXPCON,6,-0.9141479326644292,DD81694_2024_BK14A_49,1,1
DD81694,2024,Heated,EXPCON,6,-0.9141479326644292,DD81694_2024_BK14A_49,2,1
DD81694,2024,Heated,EXPCON,6,-0.9141479326644292,DD81694_2024_BK14A_49,3,1
DD81694,2024,Heated,EXPCON,6,-0.9141479326644292,DD81694_2024_BK14A_49,4,1
DD81694,2024,Heated,EXPCON,6,-0.9141479326644292,DD81694_2024_BK14A_49,5,1
DD81694,2024,Heated,EXPCON,6,-0.9141479326644292,DD81694_2024_BK14A_49,6,1
DC57689,2024,Heated,EXPCON,7,0.6811298321813386,DC57689_2024_BK20A_47,1,1
DC57689,2024,Heated,EXPCON,7,0.6811298321813386,DC57689_2024_BK20A_47,2,1
DC57689,2024,Heated,EXPCON,7,0.6811298321813386,DC57689_2024_BK20A_47,3,1
DC57689,2024,Heated,EXPCON,7,0.6811298321813386,DC57689_2024_BK20A_47,4,1
DC57689,2024,Heated,EXPCON,7,0.6811298321813386,DC57689_2024_BK20A_47,5,1
DC57689,2024,Heated,EXPCON,7,0.6811298321813386,DC57689_2024_BK20A_47,6,1
DC57689,2024,Heated,EXPCON,7,0.6811298321813386,DC57689_2024_BK20A_47,7,1
DC53777,2024,Control,CONEXP,7,0.6811298321813386,DC53777_2024_FA10A_44,1,1
DC53777,2024,Control,CONEXP,7,0.6811298321813386,DC53777_2024_FA10A_44,2,1
DC53777,2024,Control,CONEXP,7,0.6811298321813386,DC53777_2024_FA10A_44,3,1
DC53777,2024,Control,CONEXP,7,0.6811298321813386,DC53777_2024_FA10A_44,4,1
DC53777,2024,Control,CONEXP,7,0.6811298321813386,DC53777_2024_FA10A_44,5,1
DC53777,2024,Control,CONEXP,7,0.6811298321813386,DC53777_2024_FA10A_44,6,1
DC53777,2024,Control,CONEXP,7,0.6811298321813386,DC53777_2024_FA10A_44,7,1
DD83852,2024,Heated,EXPEXP,7,0.6811298321813386,DD83852_2024_FA11B_45,1,1
DD83852,2024,Heated,EXPEXP,7,0.6811298321813386,DD83852_2024_FA11B_45,2,1
DD83852,2024,Heated,EXPEXP,7,0.6811298321813386,DD83852_2024_FA11B_45,3,1
DD83852,2024,Heated,EXPEXP,7,0.6811298321813386,DD83852_2024_FA11B_45,4,1
DD83852,2024,Heated,EXPEXP,7,0.6811298321813386,DD83852_2024_FA11B_45,5,1
DD83852,2024,Heated,EXPEXP,7,0.6811298321813386,DD83852_2024_FA11B_45,6,1
DD83852,2024,Heated,EXPEXP,7,0.6811298321813386,DD83852_2024_FA11B_45,7,0
DC57673,2024,Control,CONEXP,7,0.6811298321813386,DC57673_2024_FA12A_42,1,1
DC57673,2024,Control,CONEXP,7,0.6811298321813386,DC57673_2024_FA12A_42,2,1
DC57673,2024,Control,CONEXP,7,0.6811298321813386,DC57673_2024_FA12A_42,3,1
DC57673,2024,Control,CONEXP,7,0.6811298321813386,DC57673_2024_FA12A_42,4,1
DC57673,2024,Control,CONEXP,7,0.6811298321813386,DC57673_2024_FA12A_42,5,1
DC57673,2024,Control,CONEXP,7,0.6811298321813386,DC57673_2024_FA12A_42,6,0
DC57673,2024,Control,CONEXP,7,0.6811298321813386,DC57673_2024_FA12A_42,7,0
DC57686,2024,Heated,EXPEXP,6,-0.9141479326644292,DC57686_2024_FA14B_46,1,1
DC57686,2024,Heated,EXPEXP,6,-0.9141479326644292,DC57686_2024_FA14B_46,2,1
DC57686,2024,Heated,EXPEXP,6,-0.9141479326644292,DC57686_2024_FA14B_46,3,1
DC57686,2024,Heated,EXPEXP,6,-0.9141479326644292,DC57686_2024_FA14B_46,4,1
DC57686,2024,Heated,EXPEXP,6,-0.9141479326644292,DC57686_2024_FA14B_46,5,1
DC57686,2024,Heated,EXPEXP,6,-0.9141479326644292,DC57686_2024_FA14B_46,6,1
DC57675,2024,Control,CONEXP,6,-0.9141479326644292,DC57675_2024_FA15A_44,1,1
DC57675,2024,Control,CONEXP,6,-0.9141479326644292,DC57675_2024_FA15A_44,2,1
DC57675,2024,Control,CONEXP,6,-0.9141479326644292,DC57675_2024_FA15A_44,3,1
DC57675,2024,Control,CONEXP,6,-0.9141479326644292,DC57675_2024_FA15A_44,4,1
DC57675,2024,Control,CONEXP,6,-0.9141479326644292,DC57675_2024_FA15A_44,5,1
DC57675,2024,Control,CONEXP,6,-0.9141479326644292,DC57675_2024_FA15A_44,6,1
DC57684,2024,Control,CONCON,7,0.6811298321813386,DC57684_2024_FA19B_45,1,1
DC57684,2024,Control,CONCON,7,0.6811298321813386,DC57684_2024_FA19B_45,2,1
DC57684,2024,Control,CONCON,7,0.6811298321813386,DC57684_2024_FA19B_45,3,1
DC57684,2024,Control,CONCON,7,0.6811298321813386,DC57684_2024_FA19B_45,4,1
DC57684,2024,Control,CONCON,7,0.6811298321813386,DC57684_2024_FA19B_45,5,1
DC57684,2024,Control,CONCON,7,0.6811298321813386,DC57684_2024_FA19B_45,6,1
DC57684,2024,Control,CONCON,7,0.6811298321813386,DC57684_2024_FA19B_45,7,0
DD85571,2024,Heated,EXPEXP,6,-0.9141479326644292,DD85571_2024_FA20A_45,1,1
DD85571,2024,Heated,EXPEXP,6,-0.9141479326644292,DD85571_2024_FA20A_45,2,1
DD85571,2024,Heated,EXPEXP,6,-0.9141479326644292,DD85571_2024_FA20A_45,3,1
DD85571,2024,Heated,EXPEXP,6,-0.9141479326644292,DD85571_2024_FA20A_45,4,1
DD85571,2024,Heated,EXPEXP,6,-0.9141479326644292,DD85571_2024_FA20A_45,5,1
DD85571,2024,Heated,EXPEXP,6,-0.9141479326644292,DD85571_2024_FA20A_45,6,1
DC57685,2024,Heated,EXPEXP,8,2.2764075970271063,DC57685_2024_FA22A_45,1,1
DC57685,2024,Heated,EXPEXP,8,2.2764075970271063,DC57685_2024_FA22A_45,2,1
DC57685,2024,Heated,EXPEXP,8,2.2764075970271063,DC57685_2024_FA22A_45,3,1
DC57685,2024,Heated,EXPEXP,8,2.2764075970271063,DC57685_2024_FA22A_45,4,1
DC57685,2024,Heated,EXPEXP,8,2.2764075970271063,DC57685_2024_FA22A_45,5,1
DC57685,2024,Heated,EXPEXP,8,2.2764075970271063,DC57685_2024_FA22A_45,6,1
DC57685,2024,Heated,EXPEXP,8,2.2764075970271063,DC57685_2024_FA22A_45,7,0
DC57685,2024,Heated,EXPEXP,8,2.2764075970271063,DC57685_2024_FA22A_45,8,0
DD85035,2024,Heated,EXPCON,7,0.6811298321813386,DD85035_2024_FA26A_44,1,1
DD85035,2024,Heated,EXPCON,7,0.6811298321813386,DD85035_2024_FA26A_44,2,1
DD85035,2024,Heated,EXPCON,7,0.6811298321813386,DD85035_2024_FA26A_44,3,1
DD85035,2024,Heated,EXPCON,7,0.6811298321813386,DD85035_2024_FA26A_44,4,1
DD85035,2024,Heated,EXPCON,7,0.6811298321813386,DD85035_2024_FA26A_44,5,1
DD85035,2024,Heated,EXPCON,7,0.6811298321813386,DD85035_2024_FA26A_44,6,1
DD85035,2024,Heated,EXPCON,7,0.6811298321813386,DD85035_2024_FA26A_44,7,1
DC57683,2024,Control,CONCON,6,-0.9141479326644292,DC57683_2024_FA27A_46,1,1
DC57683,2024,Control,CONCON,6,-0.9141479326644292,DC57683_2024_FA27A_46,2,1
DC57683,2024,Control,CONCON,6,-0.9141479326644292,DC57683_2024_FA27A_46,3,1
DC57683,2024,Control,CONCON,6,-0.9141479326644292,DC57683_2024_FA27A_46,4,1
DC57683,2024,Control,CONCON,6,-0.9141479326644292,DC57683_2024_FA27A_46,5,1
DC57683,2024,Control,CONCON,6,-0.9141479326644292,DC57683_2024_FA27A_46,6,0
DC53289,2024,Control,CONCON,8,2.2764075970271063,DC53289_2024_FA29B_45,1,1
DC53289,2024,Control,CONCON,8,2.2764075970271063,DC53289_2024_FA29B_45,2,1
DC53289,2024,Control,CONCON,8,2.2764075970271063,DC53289_2024_FA29B_45,3,1
DC53289,2024,Control,CONCON,8,2.2764075970271063,DC53289_2024_FA29B_45,4,1
DC53289,2024,Control,CONCON,8,2.2764075970271063,DC53289_2024_FA29B_45,5,1
DC53289,2024,Control,CONCON,8,2.2764075970271063,DC53289_2024_FA29B_45,6,1
DC53289,2024,Control,CONCON,8,2.2764075970271063,DC53289_2024_FA29B_45,7,1
DC53289,2024,Control,CONCON,8,2.2764075970271063,DC53289_2024_FA29B_45,8,1
DA78228,2024,Heated,EXPCON,7,0.6811298321813386,DA78228_2024_FA30B_46,1,1
DA78228,2024,Heated,EXPCON,7,0.6811298321813386,DA78228_2024_FA30B_46,2,1
DA78228,2024,Heated,EXPCON,7,0.6811298321813386,DA78228_2024_FA30B_46,3,1
DA78228,2024,Heated,EXPCON,7,0.6811298321813386,DA78228_2024_FA30B_46,4,1
DA78228,2024,Heated,EXPCON,7,0.6811298321813386,DA78228_2024_FA30B_46,5,0
DA78228,2024,Heated,EXPCON,7,0.6811298321813386,DA78228_2024_FA30B_46,6,0
DA78228,2024,Heated,EXPCON,7,0.6811298321813386,DA78228_2024_FA30B_46,7,0
DC53288,2024,Control,CONCON,6,-0.9141479326644292,DC53288_2024_FA3A_45,1,1
DC53288,2024,Control,CONCON,6,-0.9141479326644292,DC53288_2024_FA3A_45,2,1
DC53288,2024,Control,CONCON,6,-0.9141479326644292,DC53288_2024_FA3A_45,3,1
DC53288,2024,Control,CONCON,6,-0.9141479326644292,DC53288_2024_FA3A_45,4,1
DC53288,2024,Control,CONCON,6,-0.9141479326644292,DC53288_2024_FA3A_45,5,1
DC53288,2024,Control,CONCON,6,-0.9141479326644292,DC53288_2024_FA3A_45,6,1
DC57676,2024,Heated,EXPEXP,7,0.6811298321813386,DC57676_2024_FK06B_44,1,1
DC57676,2024,Heated,EXPEXP,7,0.6811298321813386,DC57676_2024_FK06B_44,2,1
DC57676,2024,Heated,EXPEXP,7,0.6811298321813386,DC57676_2024_FK06B_44,3,1
DC57676,2024,Heated,EXPEXP,7,0.6811298321813386,DC57676_2024_FK06B_44,4,1
DC57676,2024,Heated,EXPEXP,7,0.6811298321813386,DC57676_2024_FK06B_44,5,1
DC57676,2024,Heated,EXPEXP,7,0.6811298321813386,DC57676_2024_FK06B_44,6,0
DC57676,2024,Heated,EXPEXP,7,0.6811298321813386,DC57676_2024_FK06B_44,7,0
DC58747,2024,Control,CONEXP,7,0.6811298321813386,DC58747_2024_FK10C_47,1,1
DC58747,2024,Control,CONEXP,7,0.6811298321813386,DC58747_2024_FK10C_47,2,1
DC58747,2024,Control,CONEXP,7,0.6811298321813386,DC58747_2024_FK10C_47,3,1
DC58747,2024,Control,CONEXP,7,0.6811298321813386,DC58747_2024_FK10C_47,4,1
DC58747,2024,Control,CONEXP,7,0.6811298321813386,DC58747_2024_FK10C_47,5,1
DC58747,2024,Control,CONEXP,7,0.6811298321813386,DC58747_2024_FK10C_47,6,0
DC58747,2024,Control,CONEXP,7,0.6811298321813386,DC58747_2024_FK10C_47,7,0
DC57682,2024,Heated,EXPEXP,7,0.6811298321813386,DC57682_2024_FK12B_45,1,1
DC57682,2024,Heated,EXPEXP,7,0.6811298321813386,DC57682_2024_FK12B_45,2,1
DC57682,2024,Heated,EXPEXP,7,0.6811298321813386,DC57682_2024_FK12B_45,3,1
DC57682,2024,Heated,EXPEXP,7,0.6811298321813386,DC57682_2024_FK12B_45,4,1
DC57682,2024,Heated,EXPEXP,7,0.6811298321813386,DC57682_2024_FK12B_45,5,1
DC57682,2024,Heated,EXPEXP,7,0.6811298321813386,DC57682_2024_FK12B_45,6,1
DC57682,2024,Heated,EXPEXP,7,0.6811298321813386,DC57682_2024_FK12B_45,7,1
DC53272,2024,Control,CONEXP,7,0.6811298321813386,DC53272_2024_FK12D_45,1,1
DC53272,2024,Control,CONEXP,7,0.6811298321813386,DC53272_2024_FK12D_45,2,1
DC53272,2024,Control,CONEXP,7,0.6811298321813386,DC53272_2024_FK12D_45,3,1
DC53272,2024,Control,CONEXP,7,0.6811298321813386,DC53272_2024_FK12D_45,4,1
DC53272,2024,Control,CONEXP,7,0.6811298321813386,DC53272_2024_FK12D_45,5,1
DC53272,2024,Control,CONEXP,7,0.6811298321813386,DC53272_2024_FK12D_45,6,1
DC53272,2024,Control,CONEXP,7,0.6811298321813386,DC53272_2024_FK12D_45,7,0
DC57681,2024,Control,CONEXP,6,-0.9141479326644292,DC57681_2024_FK15A_46,1,1
DC57681,2024,Control,CONEXP,6,-0.9141479326644292,DC57681_2024_FK15A_46,2,1
DC57681,2024,Control,CONEXP,6,-0.9141479326644292,DC57681_2024_FK15A_46,3,1
DC57681,2024,Control,CONEXP,6,-0.9141479326644292,DC57681_2024_FK15A_46,4,1
DC57681,2024,Control,CONEXP,6,-0.9141479326644292,DC57681_2024_FK15A_46,5,1
DC57681,2024,Control,CONEXP,6,-0.9141479326644292,DC57681_2024_FK15A_46,6,0
DD85155,2024,Heated,EXPEXP,6,-0.9141479326644292,DD85155_2024_FK15D_48,1,1
DD85155,2024,Heated,EXPEXP,6,-0.9141479326644292,DD85155_2024_FK15D_48,2,1
DD85155,2024,Heated,EXPEXP,6,-0.9141479326644292,DD85155_2024_FK15D_48,3,1
DD85155,2024,Heated,EXPEXP,6,-0.9141479326644292,DD85155_2024_FK15D_48,4,1
DD85155,2024,Heated,EXPEXP,6,-0.9141479326644292,DD85155_2024_FK15D_48,5,1
DD85155,2024,Heated,EXPEXP,6,-0.9141479326644292,DD85155_2024_FK15D_48,6,1
DC57910,2024,Heated,EXPCON,7,0.6811298321813386,DC57910_2024_FK18B_47,1,1
DC57910,2024,Heated,EXPCON,7,0.6811298321813386,DC57910_2024_FK18B_47,2,1
DC57910,2024,Heated,EXPCON,7,0.6811298321813386,DC57910_2024_FK18B_47,3,1
DC57910,2024,Heated,EXPCON,7,0.6811298321813386,DC57910_2024_FK18B_47,4,1
DC57910,2024,Heated,EXPCON,7,0.6811298321813386,DC57910_2024_FK18B_47,5,1
DC57910,2024,Heated,EXPCON,7,0.6811298321813386,DC57910_2024_FK18B_47,6,1
DC57910,2024,Heated,EXPCON,7,0.6811298321813386,DC57910_2024_FK18B_47,7,1
DC58749,2024,Control,CONCON,6,-0.9141479326644292,DC58749_2024_FK23C_48,1,1
DC58749,2024,Control,CONCON,6,-0.9141479326644292,DC58749_2024_FK23C_48,2,1
DC58749,2024,Control,CONCON,6,-0.9141479326644292,DC58749_2024_FK23C_48,3,1
DC58749,2024,Control,CONCON,6,-0.9141479326644292,DC58749_2024_FK23C_48,4,1
DC58749,2024,Control,CONCON,6,-0.9141479326644292,DC58749_2024_FK23C_48,5,0
DC58749,2024,Control,CONCON,6,-0.9141479326644292,DC58749_2024_FK23C_48,6,0
DC57680,2024,Heated,EXPCON,6,-0.9141479326644292,DC57680_2024_FK30A_46,1,1
DC57680,2024,Heated,EXPCON,6,-0.9141479326644292,DC57680_2024_FK30A_46,2,1
DC57680,2024,Heated,EXPCON,6,-0.9141479326644292,DC57680_2024_FK30A_46,3,1
DC57680,2024,Heated,EXPCON,6,-0.9141479326644292,DC57680_2024_FK30A_46,4,1
DC57680,2024,Heated,EXPCON,6,-0.9141479326644292,DC57680_2024_FK30A_46,5,1
DC57680,2024,Heated,EXPCON,6,-0.9141479326644292,DC57680_2024_FK30A_46,6,1
DC53298,2024,Heated,EXPCON,7,0.6811298321813386,DC53298_2024_FK33B_47,1,1
DC53298,2024,Heated,EXPCON,7,0.6811298321813386,DC53298_2024_FK33B_47,2,1
DC53298,2024,Heated,EXPCON,7,0.6811298321813386,DC53298_2024_FK33B_47,3,1
DC53298,2024,Heated,EXPCON,7,0.6811298321813386,DC53298_2024_FK33B_47,4,1
DC53298,2024,Heated,EXPCON,7,0.6811298321813386,DC53298_2024_FK33B_47,5,1
DC53298,2024,Heated,EXPCON,7,0.6811298321813386,DC53298_2024_FK33B_47,6,1
DC53298,2024,Heated,EXPCON,7,0.6811298321813386,DC53298_2024_FK33B_47,7,0
DC53286,2024,Control,CONCON,6,-0.9141479326644292,DC53286_2024_FK35A_45,1,1
DC53286,2024,Control,CONCON,6,-0.9141479326644292,DC53286_2024_FK35A_45,2,1
DC53286,2024,Control,CONCON,6,-0.9141479326644292,DC53286_2024_FK35A_45,3,1
DC53286,2024,Control,CONCON,6,-0.9141479326644292,DC53286_2024_FK35A_45,4,1
DC53286,2024,Control,CONCON,6,-0.9141479326644292,DC53286_2024_FK35A_45,5,1
DC53286,2024,Control,CONCON,6,-0.9141479326644292,DC53286_2024_FK35A_45,6,0
DC57674,2024,Heated,EXPEXP,6,-0.9141479326644292,DC57674_2024_FK42B_44,1,1
DC57674,2024,Heated,EXPEXP,6,-0.9141479326644292,DC57674_2024_FK42B_44,2,1
DC57674,2024,Heated,EXPEXP,6,-0.9141479326644292,DC57674_2024_FK42B_44,3,1
DC57674,2024,Heated,EXPEXP,6,-0.9141479326644292,DC57674_2024_FK42B_44,4,1
DC57674,2024,Heated,EXPEXP,6,-0.9141479326644292,DC57674_2024_FK42B_44,5,0
DC57674,2024,Heated,EXPEXP,6,-0.9141479326644292,DC57674_2024_FK42B_44,6,0
DA77769,2024,Control,CONCON,7,0.6811298321813386,DA77769_2024_FK44D_46,1,1
DA77769,2024,Control,CONCON,7,0.6811298321813386,DA77769_2024_FK44D_46,2,1
DA77769,2024,Control,CONCON,7,0.6811298321813386,DA77769_2024_FK44D_46,3,1
DA77769,2024,Control,CONCON,7,0.6811298321813386,DA77769_2024_FK44D_46,4,1
DA77769,2024,Control,CONCON,7,0.6811298321813386,DA77769_2024_FK44D_46,5,1
DA77769,2024,Control,CONCON,7,0.6811298321813386,DA77769_2024_FK44D_46,6,1
DA77769,2024,Control,CONCON,7,0.6811298321813386,DA77769_2024_FK44D_46,7,1
DC53287,2024,Control,CONCON,6,-0.9141479326644292,DC53287_2024_FKN04A_45,1,1
DC53287,2024,Control,CONCON,6,-0.9141479326644292,DC53287_2024_FKN04A_45,2,1
DC53287,2024,Control,CONCON,6,-0.9141479326644292,DC53287_2024_FKN04A_45,3,1
DC53287,2024,Control,CONCON,6,-0.9141479326644292,DC53287_2024_FKN04A_45,4,1
DC53287,2024,Control,CONCON,6,-0.9141479326644292,DC53287_2024_FKN04A_45,5,1
DC53287,2024,Control,CONCON,6,-0.9141479326644292,DC53287_2024_FKN04A_45,6,0
DC54018,2024,Control,CONEXP,7,0.6811298321813386,DC54018_2024_FO13B_44,1,1
DC54018,2024,Control,CONEXP,7,0.6811298321813386,DC54018_2024_FO13B_44,2,1
DC54018,2024,Control,CONEXP,7,0.6811298321813386,DC54018_2024_FO13B_44,3,1
DC54018,2024,Control,CONEXP,7,0.6811298321813386,DC54018_2024_FO13B_44,4,1
DC54018,2024,Control,CONEXP,7,0.6811298321813386,DC54018_2024_FO13B_44,5,1
DC54018,2024,Control,CONEXP,7,0.6811298321813386,DC54018_2024_FO13B_44,6,1
DC54018,2024,Control,CONEXP,7,0.6811298321813386,DC54018_2024_FO13B_44,7,0
DC53292,2024,Heated,EXPCON,7,0.6811298321813386,DC53292_2024_FO13D_46,1,1
DC53292,2024,Heated,EXPCON,7,0.6811298321813386,DC53292_2024_FO13D_46,2,1
DC53292,2024,Heated,EXPCON,7,0.6811298321813386,DC53292_2024_FO13D_46,3,1
DC53292,2024,Heated,EXPCON,7,0.6811298321813386,DC53292_2024_FO13D_46,4,1
DC53292,2024,Heated,EXPCON,7,0.6811298321813386,DC53292_2024_FO13D_46,5,1
DC53292,2024,Heated,EXPCON,7,0.6811298321813386,DC53292_2024_FO13D_46,6,1
DC53292,2024,Heated,EXPCON,7,0.6811298321813386,DC53292_2024_FO13D_46,7,1
DC53291,2024,Control,CONCON,6,-0.9141479326644292,DC53291_2024_FO14B_46,1,1
DC53291,2024,Control,CONCON,6,-0.9141479326644292,DC53291_2024_FO14B_46,2,1
DC53291,2024,Control,CONCON,6,-0.9141479326644292,DC53291_2024_FO14B_46,3,1
DC53291,2024,Control,CONCON,6,-0.9141479326644292,DC53291_2024_FO14B_46,4,0
DC53291,2024,Control,CONCON,6,-0.9141479326644292,DC53291_2024_FO14B_46,5,0
DC53291,2024,Control,CONCON,6,-0.9141479326644292,DC53291_2024_FO14B_46,6,0
DC53285,2024,Control,CONEXP,6,-0.9141479326644292,DC53285_2024_FO15B_45,1,1
DC53285,2024,Control,CONEXP,6,-0.9141479326644292,DC53285_2024_FO15B_45,2,1
DC53285,2024,Control,CONEXP,6,-0.9141479326644292,DC53285_2024_FO15B_45,3,1
DC53285,2024,Control,CONEXP,6,-0.9141479326644292,DC53285_2024_FO15B_45,4,1
DC53285,2024,Control,CONEXP,6,-0.9141479326644292,DC53285_2024_FO15B_45,5,1
DC53285,2024,Control,CONEXP,6,-0.9141479326644292,DC53285_2024_FO15B_45,6,0
DC53284,2024,Heated,EXPCON,6,-0.9141479326644292,DC53284_2024_FO15D_45,1,1
DC53284,2024,Heated,EXPCON,6,-0.9141479326644292,DC53284_2024_FO15D_45,2,1
DC53284,2024,Heated,EXPCON,6,-0.9141479326644292,DC53284_2024_FO15D_45,3,1
DC53284,2024,Heated,EXPCON,6,-0.9141479326644292,DC53284_2024_FO15D_45,4,1
DC53284,2024,Heated,EXPCON,6,-0.9141479326644292,DC53284_2024_FO15D_45,5,1
DC53284,2024,Heated,EXPCON,6,-0.9141479326644292,DC53284_2024_FO15D_45,6,1
DC53283,2024,Heated,EXPEXP,7,0.6811298321813386,DC53283_2024_FO17A_45,1,1
DC53283,2024,Heated,EXPEXP,7,0.6811298321813386,DC53283_2024_FO17A_45,2,1
DC53283,2024,Heated,EXPEXP,7,0.6811298321813386,DC53283_2024_FO17A_45,3,1
DC53283,2024,Heated,EXPEXP,7,0.6811298321813386,DC53283_2024_FO17A_45,4,1
DC53283,2024,Heated,EXPEXP,7,0.6811298321813386,DC53283_2024_FO17A_45,5,1
DC53283,2024,Heated,EXPEXP,7,0.6811298321813386,DC53283_2024_FO17A_45,6,1
DC53283,2024,Heated,EXPEXP,7,0.6811298321813386,DC53283_2024_FO17A_45,7,1
DC53290,2024,Heated,EXPEXP,6,-0.9141479326644292,DC53290_2024_FO20C_46,1,1
DC53290,2024,Heated,EXPEXP,6,-0.9141479326644292,DC53290_2024_FO20C_46,2,1
DC53290,2024,Heated,EXPEXP,6,-0.9141479326644292,DC53290_2024_FO20C_46,3,1
DC53290,2024,Heated,EXPEXP,6,-0.9141479326644292,DC53290_2024_FO20C_46,4,1
DC53290,2024,Heated,EXPEXP,6,-0.9141479326644292,DC53290_2024_FO20C_46,5,1
DC53290,2024,Heated,EXPEXP,6,-0.9141479326644292,DC53290_2024_FO20C_46,6,1
DC53293,2024,Control,CONCON,6,-0.9141479326644292,DC53293_2024_FO26A_46,1,1
DC53293,2024,Control,CONCON,6,-0.9141479326644292,DC53293_2024_FO26A_46,2,1
DC53293,2024,Control,CONCON,6,-0.9141479326644292,DC53293_2024_FO26A_46,3,1
DC53293,2024,Control,CONCON,6,-0.9141479326644292,DC53293_2024_FO26A_46,4,1
DC53293,2024,Control,CONCON,6,-0.9141479326644292,DC53293_2024_FO26A_46,5,1
DC53293,2024,Control,CONCON,6,-0.9141479326644292,DC53293_2024_FO26A_46,6,1
FO59A_2024,2024,Heated,EXPCON,6,-0.9141479326644292,FO59A_2024_2024_FO59A_45,1,1
FO59A_2024,2024,Heated,EXPCON,6,-0.9141479326644292,FO59A_2024_2024_FO59A_45,2,1
FO59A_2024,2024,Heated,EXPCON,6,-0.9141479326644292,FO59A_2024_2024_FO59A_45,3,1
FO59A_2024,2024,Heated,EXPCON,6,-0.9141479326644292,FO59A_2024_2024_FO59A_45,4,1
FO59A_2024,2024,Heated,EXPCON,6,-0.9141479326644292,FO59A_2024_2024_FO59A_45,5,1
FO59A_2024,2024,Heated,EXPCON,6,-0.9141479326644292,FO59A_2024_2024_FO59A_45,6,1
DC58470,2024,Heated,EXPEXP,6,-0.9141479326644292,DC58470_2024_FO76A_45,1,1
DC58470,2024,Heated,EXPEXP,6,-0.9141479326644292,DC58470_2024_FO76A_45,2,1
DC58470,2024,Heated,EXPEXP,6,-0.9141479326644292,DC58470_2024_FO76A_45,3,1
DC58470,2024,Heated,EXPEXP,6,-0.9141479326644292,DC58470_2024_FO76A_45,4,1
DC58470,2024,Heated,EXPEXP,6,-0.9141479326644292,DC58470_2024_FO76A_45,5,1
DC58470,2024,Heated,EXPEXP,6,-0.9141479326644292,DC58470_2024_FO76A_45,6,0
DC53279,2024,Control,CONEXP,6,-0.9141479326644292,DC53279_2024_FO77A_45,1,1
DC53279,2024,Control,CONEXP,6,-0.9141479326644292,DC53279_2024_FO77A_45,2,1
DC53279,2024,Control,CONEXP,6,-0.9141479326644292,DC53279_2024_FO77A_45,3,1
DC53279,2024,Control,CONEXP,6,-0.9141479326644292,DC53279_2024_FO77A_45,4,1
DC53279,2024,Control,CONEXP,6,-0.9141479326644292,DC53279_2024_FO77A_45,5,1
DC53279,2024,Control,CONEXP,6,-0.9141479326644292,DC53279_2024_FO77A_45,6,1
DC57047,2024,Control,CONEXP,7,0.6811298321813386,DC57047_2024_OJ126A_47,1,1
DC57047,2024,Control,CONEXP,7,0.6811298321813386,DC57047_2024_OJ126A_47,2,1
DC57047,2024,Control,CONEXP,7,0.6811298321813386,DC57047_2024_OJ126A_47,3,1
DC57047,2024,Control,CONEXP,7,0.6811298321813386,DC57047_2024_OJ126A_47,4,1
DC57047,2024,Control,CONEXP,7,0.6811298321813386,DC57047_2024_OJ126A_47,5,1
DC57047,2024,Control,CONEXP,7,0.6811298321813386,DC57047_2024_OJ126A_47,6,1
DC57047,2024,Control,CONEXP,7,0.6811298321813386,DC57047_2024_OJ126A_47,7,1
DC57687,2024,Heated,EXPCON,7,0.6811298321813386,DC57687_2024_OJ134A_44,1,1
DC57687,2024,Heated,EXPCON,7,0.6811298321813386,DC57687_2024_OJ134A_44,2,1
DC57687,2024,Heated,EXPCON,7,0.6811298321813386,DC57687_2024_OJ134A_44,3,1
DC57687,2024,Heated,EXPCON,7,0.6811298321813386,DC57687_2024_OJ134A_44,4,1
DC57687,2024,Heated,EXPCON,7,0.6811298321813386,DC57687_2024_OJ134A_44,5,1
DC57687,2024,Heated,EXPCON,7,0.6811298321813386,DC57687_2024_OJ134A_44,6,1
DC57687,2024,Heated,EXPCON,7,0.6811298321813386,DC57687_2024_OJ134A_44,7,0
DC56299,2024,Heated,EXPEXP,6,-0.9141479326644292,DC56299_2024_OJ136A_47,1,1
DC56299,2024,Heated,EXPEXP,6,-0.9141479326644292,DC56299_2024_OJ136A_47,2,1
DC56299,2024,Heated,EXPEXP,6,-0.9141479326644292,DC56299_2024_OJ136A_47,3,1
DC56299,2024,Heated,EXPEXP,6,-0.9141479326644292,DC56299_2024_OJ136A_47,4,1
DC56299,2024,Heated,EXPEXP,6,-0.9141479326644292,DC56299_2024_OJ136A_47,5,1
DC56299,2024,Heated,EXPEXP,6,-0.9141479326644292,DC56299_2024_OJ136A_47,6,0
DC53294,2024,Control,CONEXP,7,0.6811298321813386,DC53294_2024_OJ137A_46,1,1
DC53294,2024,Control,CONEXP,7,0.6811298321813386,DC53294_2024_OJ137A_46,2,1
DC53294,2024,Control,CONEXP,7,0.6811298321813386,DC53294_2024_OJ137A_46,3,1
DC53294,2024,Control,CONEXP,7,0.6811298321813386,DC53294_2024_OJ137A_46,4,1
DC53294,2024,Control,CONEXP,7,0.6811298321813386,DC53294_2024_OJ137A_46,5,1
DC53294,2024,Control,CONEXP,7,0.6811298321813386,DC53294_2024_OJ137A_46,6,1
DC53294,2024,Control,CONEXP,7,0.6811298321813386,DC53294_2024_OJ137A_46,7,0
DC53295,2024,Control,CONEXP,6,-0.9141479326644292,DC53295_2024_OJ155E_46,1,1
DC53295,2024,Control,CONEXP,6,-0.9141479326644292,DC53295_2024_OJ155E_46,2,1
DC53295,2024,Control,CONEXP,6,-0.9141479326644292,DC53295_2024_OJ155E_46,3,1
DC53295,2024,Control,CONEXP,6,-0.9141479326644292,DC53295_2024_OJ155E_46,4,1
DC53295,2024,Control,CONEXP,6,-0.9141479326644292,DC53295_2024_OJ155E_46,5,1
DC53295,2024,Control,CONEXP,6,-0.9141479326644292,DC53295_2024_OJ155E_46,6,1
DD82829,2024,Heated,EXPCON,6,-0.9141479326644292,DD82829_2024_OJ159A_46,1,1
DD82829,2024,Heated,EXPCON,6,-0.9141479326644292,DD82829_2024_OJ159A_46,2,1
DD82829,2024,Heated,EXPCON,6,-0.9141479326644292,DD82829_2024_OJ159A_46,3,1
DD82829,2024,Heated,EXPCON,6,-0.9141479326644292,DD82829_2024_OJ159A_46,4,1
DD82829,2024,Heated,EXPCON,6,-0.9141479326644292,DD82829_2024_OJ159A_46,5,1
DD82829,2024,Heated,EXPCON,6,-0.9141479326644292,DD82829_2024_OJ159A_46,6,1
DC57995,2024,Control,CONCON,7,0.6811298321813386,DC57995_2024_OJ161A_46,1,1
DC57995,2024,Control,CONCON,7,0.6811298321813386,DC57995_2024_OJ161A_46,2,1
DC57995,2024,Control,CONCON,7,0.6811298321813386,DC57995_2024_OJ161A_46,3,1
DC57995,2024,Control,CONCON,7,0.6811298321813386,DC57995_2024_OJ161A_46,4,1
DC57995,2024,Control,CONCON,7,0.6811298321813386,DC57995_2024_OJ161A_46,5,1
DC57995,2024,Control,CONCON,7,0.6811298321813386,DC57995_2024_OJ161A_46,6,1
DC57995,2024,Control,CONCON,7,0.6811298321813386,DC57995_2024_OJ161A_46,7,0
DC57136,2024,Heated,EXPEXP,7,0.6811298321813386,DC57136_2024_OJ173A_46,1,1
DC57136,2024,Heated,EXPEXP,7,0.6811298321813386,DC57136_2024_OJ173A_46,2,1
DC57136,2024,Heated,EXPEXP,7,0.6811298321813386,DC57136_2024_OJ173A_46,3,1
DC57136,2024,Heated,EXPEXP,7,0.6811298321813386,DC57136_2024_OJ173A_46,4,1
DC57136,2024,Heated,EXPEXP,7,0.6811298321813386,DC57136_2024_OJ173A_46,5,1
DC57136,2024,Heated,EXPEXP,7,0.6811298321813386,DC57136_2024_OJ173A_46,6,1
DC57136,2024,Heated,EXPEXP,7,0.6811298321813386,DC57136_2024_OJ173A_46,7,0
DD83799,2025,Control,CONEXP,7,0.6811298321813386,DD83799_2025_RM5A_41,1,1
DD83799,2025,Control,CONEXP,7,0.6811298321813386,DD83799_2025_RM5A_41,2,1
DD83799,2025,Control,CONEXP,7,0.6811298321813386,DD83799_2025_RM5A_41,3,1
DD83799,2025,Control,CONEXP,7,0.6811298321813386,DD83799_2025_RM5A_41,4,1
DD83799,2025,Control,CONEXP,7,0.6811298321813386,DD83799_2025_RM5A_41,5,0
DD83799,2025,Control,CONEXP,7,0.6811298321813386,DD83799_2025_RM5A_41,6,0
DD83799,2025,Control,CONEXP,7,0.6811298321813386,DD83799_2025_RM5A_41,7,0
DC54077,2025,Heated,EXPCON,7,0.6811298321813386,DC54077_2025_RM23A_41,1,1
DC54077,2025,Heated,EXPCON,7,0.6811298321813386,DC54077_2025_RM23A_41,2,1
DC54077,2025,Heated,EXPCON,7,0.6811298321813386,DC54077_2025_RM23A_41,3,1
DC54077,2025,Heated,EXPCON,7,0.6811298321813386,DC54077_2025_RM23A_41,4,1
DC54077,2025,Heated,EXPCON,7,0.6811298321813386,DC54077_2025_RM23A_41,5,1
DC54077,2025,Heated,EXPCON,7,0.6811298321813386,DC54077_2025_RM23A_41,6,1
DC54077,2025,Heated,EXPCON,7,0.6811298321813386,DC54077_2025_RM23A_41,7,0
CR03892,2025,Control,CONEXP,7,0.6811298321813386,CR03892_2025_FA36A_41,1,1
CR03892,2025,Control,CONEXP,7,0.6811298321813386,CR03892_2025_FA36A_41,2,1
CR03892,2025,Control,CONEXP,7,0.6811298321813386,CR03892_2025_FA36A_41,3,1
CR03892,2025,Control,CONEXP,7,0.6811298321813386,CR03892_2025_FA36A_41,4,1
CR03892,2025,Control,CONEXP,7,0.6811298321813386,CR03892_2025_FA36A_41,5,1
CR03892,2025,Control,CONEXP,7,0.6811298321813386,CR03892_2025_FA36A_41,6,1
CR03892,2025,Control,CONEXP,7,0.6811298321813386,CR03892_2025_FA36A_41,7,1
DC54747,2025,Heated,EXPEXP,7,0.6811298321813386,DC54747_2025_KT17A_41,1,1
DC54747,2025,Heated,EXPEXP,7,0.6811298321813386,DC54747_2025_KT17A_41,2,1
DC54747,2025,Heated,EXPEXP,7,0.6811298321813386,DC54747_2025_KT17A_41,3,1
DC54747,2025,Heated,EXPEXP,7,0.6811298321813386,DC54747_2025_KT17A_41,4,1
DC54747,2025,Heated,EXPEXP,7,0.6811298321813386,DC54747_2025_KT17A_41,5,1
DC54747,2025,Heated,EXPEXP,7,0.6811298321813386,DC54747_2025_KT17A_41,6,1
DC54747,2025,Heated,EXPEXP,7,0.6811298321813386,DC54747_2025_KT17A_41,7,1
DD82709,2025,Heated,EXPEXP,8,2.2764075970271063,DD82709_2025_RM22A_40,1,1
DD82709,2025,Heated,EXPEXP,8,2.2764075970271063,DD82709_2025_RM22A_40,2,1
DD82709,2025,Heated,EXPEXP,8,2.2764075970271063,DD82709_2025_RM22A_40,3,1
DD82709,2025,Heated,EXPEXP,8,2.2764075970271063,DD82709_2025_RM22A_40,4,1
DD82709,2025,Heated,EXPEXP,8,2.2764075970271063,DD82709_2025_RM22A_40,5,1
DD82709,2025,Heated,EXPEXP,8,2.2764075970271063,DD82709_2025_RM22A_40,6,1
DD82709,2025,Heated,EXPEXP,8,2.2764075970271063,DD82709_2025_RM22A_40,7,0
DD82709,2025,Heated,EXPEXP,8,2.2764075970271063,DD82709_2025_RM22A_40,8,0
CR02363,2025,Heated,EXPCON,6,-0.9141479326644292,CR02363_2025_RM33A_42,1,1
CR02363,2025,Heated,EXPCON,6,-0.9141479326644292,CR02363_2025_RM33A_42,2,1
CR02363,2025,Heated,EXPCON,6,-0.9141479326644292,CR02363_2025_RM33A_42,3,1
CR02363,2025,Heated,EXPCON,6,-0.9141479326644292,CR02363_2025_RM33A_42,4,1
CR02363,2025,Heated,EXPCON,6,-0.9141479326644292,CR02363_2025_RM33A_42,5,1
CR02363,2025,Heated,EXPCON,6,-0.9141479326644292,CR02363_2025_RM33A_42,6,0
CR02080,2025,Heated,EXPCON,8,2.2764075970271063,CR02080_2025_RN46A_40,1,1
CR02080,2025,Heated,EXPCON,8,2.2764075970271063,CR02080_2025_RN46A_40,2,1
CR02080,2025,Heated,EXPCON,8,2.2764075970271063,CR02080_2025_RN46A_40,3,1
CR02080,2025,Heated,EXPCON,8,2.2764075970271063,CR02080_2025_RN46A_40,4,1
CR02080,2025,Heated,EXPCON,8,2.2764075970271063,CR02080_2025_RN46A_40,5,1
CR02080,2025,Heated,EXPCON,8,2.2764075970271063,CR02080_2025_RN46A_40,6,1
CR02080,2025,Heated,EXPCON,8,2.2764075970271063,CR02080_2025_RN46A_40,7,0
CR02080,2025,Heated,EXPCON,8,2.2764075970271063,CR02080_2025_RN46A_40,8,0
CY08245,2025,Control,CONEXP,6,-0.9141479326644292,CY08245_2025_AN18C_43,1,1
CY08245,2025,Control,CONEXP,6,-0.9141479326644292,CY08245_2025_AN18C_43,2,1
CY08245,2025,Control,CONEXP,6,-0.9141479326644292,CY08245_2025_AN18C_43,3,1
CY08245,2025,Control,CONEXP,6,-0.9141479326644292,CY08245_2025_AN18C_43,4,1
CY08245,2025,Control,CONEXP,6,-0.9141479326644292,CY08245_2025_AN18C_43,5,1
CY08245,2025,Control,CONEXP,6,-0.9141479326644292,CY08245_2025_AN18C_43,6,1
DD83757,2025,Heated,EXPCON,7,0.6811298321813386,DD83757_2025_FA3A_42,1,1
DD83757,2025,Heated,EXPCON,7,0.6811298321813386,DD83757_2025_FA3A_42,2,1
DD83757,2025,Heated,EXPCON,7,0.6811298321813386,DD83757_2025_FA3A_42,3,1
DD83757,2025,Heated,EXPCON,7,0.6811298321813386,DD83757_2025_FA3A_42,4,1
DD83757,2025,Heated,EXPCON,7,0.6811298321813386,DD83757_2025_FA3A_42,5,1
DD83757,2025,Heated,EXPCON,7,0.6811298321813386,DD83757_2025_FA3A_42,6,1
DD83757,2025,Heated,EXPCON,7,0.6811298321813386,DD83757_2025_FA3A_42,7,1
DD83375,2025,Control,CONCON,7,0.6811298321813386,DD83375_2025_KT9A_41,1,1
DD83375,2025,Control,CONCON,7,0.6811298321813386,DD83375_2025_KT9A_41,2,1
DD83375,2025,Control,CONCON,7,0.6811298321813386,DD83375_2025_KT9A_41,3,1
DD83375,2025,Control,CONCON,7,0.6811298321813386,DD83375_2025_KT9A_41,4,1
DD83375,2025,Control,CONCON,7,0.6811298321813386,DD83375_2025_KT9A_41,5,1
DD83375,2025,Control,CONCON,7,0.6811298321813386,DD83375_2025_KT9A_41,6,1
DD83375,2025,Control,CONCON,7,0.6811298321813386,DD83375_2025_KT9A_41,7,1
DD81807,2025,Control,CONCON,7,0.6811298321813386,DD81807_2025_RN45B_43,1,1
DD81807,2025,Control,CONCON,7,0.6811298321813386,DD81807_2025_RN45B_43,2,1
DD81807,2025,Control,CONCON,7,0.6811298321813386,DD81807_2025_RN45B_43,3,1
DD81807,2025,Control,CONCON,7,0.6811298321813386,DD81807_2025_RN45B_43,4,1
DD81807,2025,Control,CONCON,7,0.6811298321813386,DD81807_2025_RN45B_43,5,1
DD81807,2025,Control,CONCON,7,0.6811298321813386,DD81807_2025_RN45B_43,6,1
DD81807,2025,Control,CONCON,7,0.6811298321813386,DD81807_2025_RN45B_43,7,1
CR02078,2025,Control,CONEXP,8,2.2764075970271063,CR02078_2025_RN21A_42,1,1
CR02078,2025,Control,CONEXP,8,2.2764075970271063,CR02078_2025_RN21A_42,2,1
CR02078,2025,Control,CONEXP,8,2.2764075970271063,CR02078_2025_RN21A_42,3,1
CR02078,2025,Control,CONEXP,8,2.2764075970271063,CR02078_2025_RN21A_42,4,1
CR02078,2025,Control,CONEXP,8,2.2764075970271063,CR02078_2025_RN21A_42,5,1
CR02078,2025,Control,CONEXP,8,2.2764075970271063,CR02078_2025_RN21A_42,6,1
CR02078,2025,Control,CONEXP,8,2.2764075970271063,CR02078_2025_RN21A_42,7,1
CR02078,2025,Control,CONEXP,8,2.2764075970271063,CR02078_2025_RN21A_42,8,0
CR02368,2025,Heated,EXPEXP,7,0.6811298321813386,CR02368_2025_FA26A_44,1,1
CR02368,2025,Heated,EXPEXP,7,0.6811298321813386,CR02368_2025_FA26A_44,2,1
CR02368,2025,Heated,EXPEXP,7,0.6811298321813386,CR02368_2025_FA26A_44,3,1
CR02368,2025,Heated,EXPEXP,7,0.6811298321813386,CR02368_2025_FA26A_44,4,1
CR02368,2025,Heated,EXPEXP,7,0.6811298321813386,CR02368_2025_FA26A_44,5,1
CR02368,2025,Heated,EXPEXP,7,0.6811298321813386,CR02368_2025_FA26A_44,6,1
CR02368,2025,Heated,EXPEXP,7,0.6811298321813386,CR02368_2025_FA26A_44,7,0
CR04492,2025,Control,CONCON,7,0.6811298321813386,CR04492_2025_FA43A_44,1,1
CR04492,2025,Control,CONCON,7,0.6811298321813386,CR04492_2025_FA43A_44,2,1
CR04492,2025,Control,CONCON,7,0.6811298321813386,CR04492_2025_FA43A_44,3,1
CR04492,2025,Control,CONCON,7,0.6811298321813386,CR04492_2025_FA43A_44,4,1
CR04492,2025,Control,CONCON,7,0.6811298321813386,CR04492_2025_FA43A_44,5,1
CR04492,2025,Control,CONCON,7,0.6811298321813386,CR04492_2025_FA43A_44,6,1
CR04492,2025,Control,CONCON,7,0.6811298321813386,CR04492_2025_FA43A_44,7,1
CR02371,2025,Control,CONCON,7,0.6811298321813386,CR02371_2025_FO14B_44,1,1
CR02371,2025,Control,CONCON,7,0.6811298321813386,CR02371_2025_FO14B_44,2,1
CR02371,2025,Control,CONCON,7,0.6811298321813386,CR02371_2025_FO14B_44,3,1
CR02371,2025,Control,CONCON,7,0.6811298321813386,CR02371_2025_FO14B_44,4,1
CR02371,2025,Control,CONCON,7,0.6811298321813386,CR02371_2025_FO14B_44,5,1
CR02371,2025,Control,CONCON,7,0.6811298321813386,CR02371_2025_FO14B_44,6,1
CR02371,2025,Control,CONCON,7,0.6811298321813386,CR02371_2025_FO14B_44,7,1
CR02372,2025,Heated,EXPEXP,6,-0.9141479326644292,CR02372_2025_FO15A_44,1,1
CR02372,2025,Heated,EXPEXP,6,-0.9141479326644292,CR02372_2025_FO15A_44,2,1
CR02372,2025,Heated,EXPEXP,6,-0.9141479326644292,CR02372_2025_FO15A_44,3,1
CR02372,2025,Heated,EXPEXP,6,-0.9141479326644292,CR02372_2025_FO15A_44,4,1
CR02372,2025,Heated,EXPEXP,6,-0.9141479326644292,CR02372_2025_FO15A_44,5,1
CR02372,2025,Heated,EXPEXP,6,-0.9141479326644292,CR02372_2025_FO15A_44,6,1
DC57561,2025,Heated,EXPCON,8,2.2764075970271063,DC57561_2025_RN34A_43,1,1
DC57561,2025,Heated,EXPCON,8,2.2764075970271063,DC57561_2025_RN34A_43,2,1
DC57561,2025,Heated,EXPCON,8,2.2764075970271063,DC57561_2025_RN34A_43,3,1
DC57561,2025,Heated,EXPCON,8,2.2764075970271063,DC57561_2025_RN34A_43,4,1
DC57561,2025,Heated,EXPCON,8,2.2764075970271063,DC57561_2025_RN34A_43,5,1
DC57561,2025,Heated,EXPCON,8,2.2764075970271063,DC57561_2025_RN34A_43,6,1
DC57561,2025,Heated,EXPCON,8,2.2764075970271063,DC57561_2025_RN34A_43,7,1
DC57561,2025,Heated,EXPCON,8,2.2764075970271063,DC57561_2025_RN34A_43,8,0
CR02084,2025,Heated,EXPEXP,7,0.6811298321813386,CR02084_2025_RS41A_44,1,1
CR02084,2025,Heated,EXPEXP,7,0.6811298321813386,CR02084_2025_RS41A_44,2,1
CR02084,2025,Heated,EXPEXP,7,0.6811298321813386,CR02084_2025_RS41A_44,3,1
CR02084,2025,Heated,EXPEXP,7,0.6811298321813386,CR02084_2025_RS41A_44,4,1
CR02084,2025,Heated,EXPEXP,7,0.6811298321813386,CR02084_2025_RS41A_44,5,1
CR02084,2025,Heated,EXPEXP,7,0.6811298321813386,CR02084_2025_RS41A_44,6,1
CR02084,2025,Heated,EXPEXP,7,0.6811298321813386,CR02084_2025_RS41A_44,7,1
CR02373,2025,Heated,EXPEXP,6,-0.9141479326644292,CR02373_2025_FA5A_44,1,1
CR02373,2025,Heated,EXPEXP,6,-0.9141479326644292,CR02373_2025_FA5A_44,2,1
CR02373,2025,Heated,EXPEXP,6,-0.9141479326644292,CR02373_2025_FA5A_44,3,1
CR02373,2025,Heated,EXPEXP,6,-0.9141479326644292,CR02373_2025_FA5A_44,4,1
CR02373,2025,Heated,EXPEXP,6,-0.9141479326644292,CR02373_2025_FA5A_44,5,1
CR02373,2025,Heated,EXPEXP,6,-0.9141479326644292,CR02373_2025_FA5A_44,6,0
CR02369,2025,Control,CONEXP,7,0.6811298321813386,CR02369_2025_RUE6B_44,1,1
CR02369,2025,Control,CONEXP,7,0.6811298321813386,CR02369_2025_RUE6B_44,2,1
CR02369,2025,Control,CONEXP,7,0.6811298321813386,CR02369_2025_RUE6B_44,3,1
CR02369,2025,Control,CONEXP,7,0.6811298321813386,CR02369_2025_RUE6B_44,4,1
CR02369,2025,Control,CONEXP,7,0.6811298321813386,CR02369_2025_RUE6B_44,5,1
CR02369,2025,Control,CONEXP,7,0.6811298321813386,CR02369_2025_RUE6B_44,6,0
CR02369,2025,Control,CONEXP,7,0.6811298321813386,CR02369_2025_RUE6B_44,7,0
DC54589,2025,Control,CONEXP,6,-0.9141479326644292,DC54589_2025_FA11B_45,1,1
DC54589,2025,Control,CONEXP,6,-0.9141479326644292,DC54589_2025_FA11B_45,2,1
DC54589,2025,Control,CONEXP,6,-0.9141479326644292,DC54589_2025_FA11B_45,3,1
DC54589,2025,Control,CONEXP,6,-0.9141479326644292,DC54589_2025_FA11B_45,4,1
DC54589,2025,Control,CONEXP,6,-0.9141479326644292,DC54589_2025_FA11B_45,5,1
DC54589,2025,Control,CONEXP,6,-0.9141479326644292,DC54589_2025_FA11B_45,6,0
DC57485,2025,Heated,EXPCON,6,-0.9141479326644292,DC57485_2025_OL25A_44,1,1
DC57485,2025,Heated,EXPCON,6,-0.9141479326644292,DC57485_2025_OL25A_44,2,1
DC57485,2025,Heated,EXPCON,6,-0.9141479326644292,DC57485_2025_OL25A_44,3,1
DC57485,2025,Heated,EXPCON,6,-0.9141479326644292,DC57485_2025_OL25A_44,4,1
DC57485,2025,Heated,EXPCON,6,-0.9141479326644292,DC57485_2025_OL25A_44,5,1
DC57485,2025,Heated,EXPCON,6,-0.9141479326644292,DC57485_2025_OL25A_44,6,1
CR02370,2025,Control,CONCON,8,2.2764075970271063,CR02370_2025_RUE8A_42,1,0
CR02370,2025,Control,CONCON,8,2.2764075970271063,CR02370_2025_RUE8A_42,2,0
CR02370,2025,Control,CONCON,8,2.2764075970271063,CR02370_2025_RUE8A_42,3,0
CR02370,2025,Control,CONCON,8,2.2764075970271063,CR02370_2025_RUE8A_42,4,0
CR02370,2025,Control,CONCON,8,2.2764075970271063,CR02370_2025_RUE8A_42,5,0
CR02370,2025,Control,CONCON,8,2.2764075970271063,CR02370_2025_RUE8A_42,6,0
CR02370,2025,Control,CONCON,8,2.2764075970271063,CR02370_2025_RUE8A_42,7,0
CR02370,2025,Control,CONCON,8,2.2764075970271063,CR02370_2025_RUE8A_42,8,0
DD83109,2025,Control,CONCON,6,-0.9141479326644292,DD83109_2025_RN2A_45,1,1
DD83109,2025,Control,CONCON,6,-0.9141479326644292,DD83109_2025_RN2A_45,2,1
DD83109,2025,Control,CONCON,6,-0.9141479326644292,DD83109_2025_RN2A_45,3,1
DD83109,2025,Control,CONCON,6,-0.9141479326644292,DD83109_2025_RN2A_45,4,1
DD83109,2025,Control,CONCON,6,-0.9141479326644292,DD83109_2025_RN2A_45,5,1
DD83109,2025,Control,CONCON,6,-0.9141479326644292,DD83109_2025_RN2A_45,6,1
CR02375,2025,Heated,EXPEXP,7,0.6811298321813386,CR02375_2025_RS30A_45,1,1
CR02375,2025,Heated,EXPEXP,7,0.6811298321813386,CR02375_2025_RS30A_45,2,1
CR02375,2025,Heated,EXPEXP,7,0.6811298321813386,CR02375_2025_RS30A_45,3,1
CR02375,2025,Heated,EXPEXP,7,0.6811298321813386,CR02375_2025_RS30A_45,4,1
CR02375,2025,Heated,EXPEXP,7,0.6811298321813386,CR02375_2025_RS30A_45,5,1
CR02375,2025,Heated,EXPEXP,7,0.6811298321813386,CR02375_2025_RS30A_45,6,1
CR02375,2025,Heated,EXPEXP,7,0.6811298321813386,CR02375_2025_RS30A_45,7,0
DD84823,2025,Heated,EXPCON,6,-0.9141479326644292,DD84823_2025_FA24A_45,1,1
DD84823,2025,Heated,EXPCON,6,-0.9141479326644292,DD84823_2025_FA24A_45,2,1
DD84823,2025,Heated,EXPCON,6,-0.9141479326644292,DD84823_2025_FA24A_45,3,1
DD84823,2025,Heated,EXPCON,6,-0.9141479326644292,DD84823_2025_FA24A_45,4,1
DD84823,2025,Heated,EXPCON,6,-0.9141479326644292,DD84823_2025_FA24A_45,5,1
DD84823,2025,Heated,EXPCON,6,-0.9141479326644292,DD84823_2025_FA24A_45,6,0
DC54081,2025,Control,CONEXP,7,0.6811298321813386,DC54081_2025_OL4A_45,1,1
DC54081,2025,Control,CONEXP,7,0.6811298321813386,DC54081_2025_OL4A_45,2,1
DC54081,2025,Control,CONEXP,7,0.6811298321813386,DC54081_2025_OL4A_45,3,1
DC54081,2025,Control,CONEXP,7,0.6811298321813386,DC54081_2025_OL4A_45,4,1
DC54081,2025,Control,CONEXP,7,0.6811298321813386,DC54081_2025_OL4A_45,5,1
DC54081,2025,Control,CONEXP,7,0.6811298321813386,DC54081_2025_OL4A_45,6,0
DC54081,2025,Control,CONEXP,7,0.6811298321813386,DC54081_2025_OL4A_45,7,0
CR02086,2025,Heated,EXPEXP,7,0.6811298321813386,CR02086_2025_OL21A_45,1,1
CR02086,2025,Heated,EXPEXP,7,0.6811298321813386,CR02086_2025_OL21A_45,2,1
CR02086,2025,Heated,EXPEXP,7,0.6811298321813386,CR02086_2025_OL21A_45,3,1
CR02086,2025,Heated,EXPEXP,7,0.6811298321813386,CR02086_2025_OL21A_45,4,1
CR02086,2025,Heated,EXPEXP,7,0.6811298321813386,CR02086_2025_OL21A_45,5,1
CR02086,2025,Heated,EXPEXP,7,0.6811298321813386,CR02086_2025_OL21A_45,6,1
CR02086,2025,Heated,EXPEXP,7,0.6811298321813386,CR02086_2025_OL21A_45,7,1
CR02088,2025,Heated,EXPCON,7,0.6811298321813386,CR02088_2025_OL12A_46,1,1
CR02088,2025,Heated,EXPCON,7,0.6811298321813386,CR02088_2025_OL12A_46,2,1
CR02088,2025,Heated,EXPCON,7,0.6811298321813386,CR02088_2025_OL12A_46,3,1
CR02088,2025,Heated,EXPCON,7,0.6811298321813386,CR02088_2025_OL12A_46,4,1
CR02088,2025,Heated,EXPCON,7,0.6811298321813386,CR02088_2025_OL12A_46,5,1
CR02088,2025,Heated,EXPCON,7,0.6811298321813386,CR02088_2025_OL12A_46,6,1
CR02088,2025,Heated,EXPCON,7,0.6811298321813386,CR02088_2025_OL12A_46,7,0
DD81823,2025,Control,CONCON,7,0.6811298321813386,DD81823_2025_FA18A_46,1,1
DD81823,2025,Control,CONCON,7,0.6811298321813386,DD81823_2025_FA18A_46,2,1
DD81823,2025,Control,CONCON,7,0.6811298321813386,DD81823_2025_FA18A_46,3,1
DD81823,2025,Control,CONCON,7,0.6811298321813386,DD81823_2025_FA18A_46,4,1
DD81823,2025,Control,CONCON,7,0.6811298321813386,DD81823_2025_FA18A_46,5,1
DD81823,2025,Control,CONCON,7,0.6811298321813386,DD81823_2025_FA18A_46,6,1
DD81823,2025,Control,CONCON,7,0.6811298321813386,DD81823_2025_FA18A_46,7,1
DC54216,2025,Control,CONCON,7,0.6811298321813386,DC54216_2025_OL6A_47,1,1
DC54216,2025,Control,CONCON,7,0.6811298321813386,DC54216_2025_OL6A_47,2,1
DC54216,2025,Control,CONCON,7,0.6811298321813386,DC54216_2025_OL6A_47,3,1
DC54216,2025,Control,CONCON,7,0.6811298321813386,DC54216_2025_OL6A_47,4,1
DC54216,2025,Control,CONCON,7,0.6811298321813386,DC54216_2025_OL6A_47,5,1
DC54216,2025,Control,CONCON,7,0.6811298321813386,DC54216_2025_OL6A_47,6,0
DC54216,2025,Control,CONCON,7,0.6811298321813386,DC54216_2025_OL6A_47,7,0
DD85089,2025,Control,CONEXP,7,0.6811298321813386,DD85089_2025_OL10A_46,1,1
DD85089,2025,Control,CONEXP,7,0.6811298321813386,DD85089_2025_OL10A_46,2,1
DD85089,2025,Control,CONEXP,7,0.6811298321813386,DD85089_2025_OL10A_46,3,1
DD85089,2025,Control,CONEXP,7,0.6811298321813386,DD85089_2025_OL10A_46,4,0
DD85089,2025,Control,CONEXP,7,0.6811298321813386,DD85089_2025_OL10A_46,5,0
DD85089,2025,Control,CONEXP,7,0.6811298321813386,DD85089_2025_OL10A_46,6,0
DD85089,2025,Control,CONEXP,7,0.6811298321813386,DD85089_2025_OL10A_46,7,0
DD83745,2025,Control,CONCON,6,-0.9141479326644292,DD83745_2025_OL2A_47,1,1
DD83745,2025,Control,CONCON,6,-0.9141479326644292,DD83745_2025_OL2A_47,2,1
DD83745,2025,Control,CONCON,6,-0.9141479326644292,DD83745_2025_OL2A_47,3,1
DD83745,2025,Control,CONCON,6,-0.9141479326644292,DD83745_2025_OL2A_47,4,1
DD83745,2025,Control,CONCON,6,-0.9141479326644292,DD83745_2025_OL2A_47,5,0
DD83745,2025,Control,CONCON,6,-0.9141479326644292,DD83745_2025_OL2A_47,6,0
CR02379,2025,Control,CONEXP,7,0.6811298321813386,CR02379_2025_FA29B_48,1,1
CR02379,2025,Control,CONEXP,7,0.6811298321813386,CR02379_2025_FA29B_48,2,1
CR02379,2025,Control,CONEXP,7,0.6811298321813386,CR02379_2025_FA29B_48,3,1
CR02379,2025,Control,CONEXP,7,0.6811298321813386,CR02379_2025_FA29B_48,4,1
CR02379,2025,Control,CONEXP,7,0.6811298321813386,CR02379_2025_FA29B_48,5,1
CR02379,2025,Control,CONEXP,7,0.6811298321813386,CR02379_2025_FA29B_48,6,1
CR02379,2025,Control,CONEXP,7,0.6811298321813386,CR02379_2025_FA29B_48,7,1
CR02382,2025,Heated,EXPEXP,8,2.2764075970271063,CR02382_2025_RUE3A_47,1,1
CR02382,2025,Heated,EXPEXP,8,2.2764075970271063,CR02382_2025_RUE3A_47,2,1
CR02382,2025,Heated,EXPEXP,8,2.2764075970271063,CR02382_2025_RUE3A_47,3,1
CR02382,2025,Heated,EXPEXP,8,2.2764075970271063,CR02382_2025_RUE3A_47,4,1
CR02382,2025,Heated,EXPEXP,8,2.2764075970271063,CR02382_2025_RUE3A_47,5,1
CR02382,2025,Heated,EXPEXP,8,2.2764075970271063,CR02382_2025_RUE3A_47,6,1
CR02382,2025,Heated,EXPEXP,8,2.2764075970271063,CR02382_2025_RUE3A_47,7,1
CR02382,2025,Heated,EXPEXP,8,2.2764075970271063,CR02382_2025_RUE3A_47,8,1
CR02089,2025,Heated,EXPCON,7,0.6811298321813386,CR02089_2025_AN4B_47,1,1
CR02089,2025,Heated,EXPCON,7,0.6811298321813386,CR02089_2025_AN4B_47,2,1
CR02089,2025,Heated,EXPCON,7,0.6811298321813386,CR02089_2025_AN4B_47,3,1
CR02089,2025,Heated,EXPCON,7,0.6811298321813386,CR02089_2025_AN4B_47,4,0
CR02089,2025,Heated,EXPCON,7,0.6811298321813386,CR02089_2025_AN4B_47,5,0
CR02089,2025,Heated,EXPCON,7,0.6811298321813386,CR02089_2025_AN4B_47,6,0
CR02089,2025,Heated,EXPCON,7,0.6811298321813386,CR02089_2025_AN4B_47,7,0
CR02381,2025,Control,CONCON,7,0.6811298321813386,CR02381_2025_RN12A_47,1,1
CR02381,2025,Control,CONCON,7,0.6811298321813386,CR02381_2025_RN12A_47,2,1
CR02381,2025,Control,CONCON,7,0.6811298321813386,CR02381_2025_RN12A_47,3,1
CR02381,2025,Control,CONCON,7,0.6811298321813386,CR02381_2025_RN12A_47,4,0
CR02381,2025,Control,CONCON,7,0.6811298321813386,CR02381_2025_RN12A_47,5,0
CR02381,2025,Control,CONCON,7,0.6811298321813386,CR02381_2025_RN12A_47,6,0
CR02381,2025,Control,CONCON,7,0.6811298321813386,CR02381_2025_RN12A_47,7,0
DC57737,2025,Control,CONEXP,7,0.6811298321813386,DC57737_2025_OL18A_47,1,1
DC57737,2025,Control,CONEXP,7,0.6811298321813386,DC57737_2025_OL18A_47,2,1
DC57737,2025,Control,CONEXP,7,0.6811298321813386,DC57737_2025_OL18A_47,3,1
DC57737,2025,Control,CONEXP,7,0.6811298321813386,DC57737_2025_OL18A_47,4,1
DC57737,2025,Control,CONEXP,7,0.6811298321813386,DC57737_2025_OL18A_47,5,1
DC57737,2025,Control,CONEXP,7,0.6811298321813386,DC57737_2025_OL18A_47,6,1
DC57737,2025,Control,CONEXP,7,0.6811298321813386,DC57737_2025_OL18A_47,7,0
CR04178,2025,Heated,EXPCON,7,0.6811298321813386,CR04178_2025_RS5A_48,1,1
CR04178,2025,Heated,EXPCON,7,0.6811298321813386,CR04178_2025_RS5A_48,2,1
CR04178,2025,Heated,EXPCON,7,0.6811298321813386,CR04178_2025_RS5A_48,3,1
CR04178,2025,Heated,EXPCON,7,0.6811298321813386,CR04178_2025_RS5A_48,4,1
CR04178,2025,Heated,EXPCON,7,0.6811298321813386,CR04178_2025_RS5A_48,5,1
CR04178,2025,Heated,EXPCON,7,0.6811298321813386,CR04178_2025_RS5A_48,6,1
CR04178,2025,Heated,EXPCON,7,0.6811298321813386,CR04178_2025_RS5A_48,7,0
CR04449,2025,Control,CONCON,6,-0.9141479326644292,CR04449_2025_FA41A_51,1,1
CR04449,2025,Control,CONCON,6,-0.9141479326644292,CR04449_2025_FA41A_51,2,1
CR04449,2025,Control,CONCON,6,-0.9141479326644292,CR04449_2025_FA41A_51,3,1
CR04449,2025,Control,CONCON,6,-0.9141479326644292,CR04449_2025_FA41A_51,4,1
CR04449,2025,Control,CONCON,6,-0.9141479326644292,CR04449_2025_FA41A_51,5,1
CR04449,2025,Control,CONCON,6,-0.9141479326644292,CR04449_2025_FA41A_51,6,1
DC57810,2025,Heated,EXPEXP,7,0.6811298321813386,DC57810_2025_AN25A_51,1,1
DC57810,2025,Heated,EXPEXP,7,0.6811298321813386,DC57810_2025_AN25A_51,2,1
DC57810,2025,Heated,EXPEXP,7,0.6811298321813386,DC57810_2025_AN25A_51,3,1
DC57810,2025,Heated,EXPEXP,7,0.6811298321813386,DC57810_2025_AN25A_51,4,1
DC57810,2025,Heated,EXPEXP,7,0.6811298321813386,DC57810_2025_AN25A_51,5,1
DC57810,2025,Heated,EXPEXP,7,0.6811298321813386,DC57810_2025_AN25A_51,6,1
DC57810,2025,Heated,EXPEXP,7,0.6811298321813386,DC57810_2025_AN25A_51,7,1
